Items,Precio,Proveedor,Rubro,Sub Rubro,Categoria,Sub Categoria,Cantidad,UM,Clase,Marca,IGV,Id,Campo1,,"""Egresos"""
AJUSTE,,,Administracion,Ajuste,Descuento,,,,,,,384,,,
Alquiler VISA LINK NIUBIZ,,NIUBIZ,Administracion,Financieras,M.Pagos,,,,,,,529,,,
Bols gra vea,0.15,,Administracion,Impuestos,Plasticos,Bolsa,,,,,,9,,,
Bolsa membretada (impuesto),0.2,,Administracion,Impuestos,Plasticos,Bolsa,,,,,,13,,,
Bolsa p/desp COMPOST,0.1,,Administracion,Impuestos,Plasticos,Bolsa,,,,,,14,,,
BrushPen x 1 und,4.1,,Administracion,Utiles,Lapiceros,,1,UND,,,,730,,,
Chinches push pins OVE x 50und,1.2,,Administracion,Utiles,Consumibles,,50,UND,,,,54,,,
Cinta adhesiva PEGAFAN 3/4 x 25yardas,5.3,,Administracion,Utiles,Cinta Adhesiva,,,,,,,59,,,
Clips #1 ARTESCO,1,,Administracion,Utiles,Consumibles,,,,,,,63,,,
Comisiones NIUBIZ,,NIUBIZ,Administracion,Financieras,Comisiones,,,,,,,528,,,
Descuento - Utiles de Oficina,,,Administracion,Descuento,,,,,,,,89,,,
DEUDA TARJETA UNICA,,,Administracion,Financieras,UNICA,,,,,,,90,,,
Engrapador metal FABER CASTELL mini,8.8,,Administracion,Utiles,Utiles,,,,,,,93,,,
Estilografo Uniball x 1 und,7.5,,Administracion,Utiles,Lapiceros,,1,UND,,,,729,,,
Etiqueta 1 x 3 F-1 PB Blanco x 100und.,1.9,,Administracion,Utiles,Etiquetas,Blancas,100,UND,,,,114,,,
Gasto Utiles de Oficina,,,Administracion,Utiles,Varios,,,,,,,135,,,
Gastos Varios (MA) - Financiero,,,Administracion,Financieras,,,,,,,,138,,,
Gastos Varios (MA) - RRHH,,,Administracion,RRHH,Varios,,,,,,,140,,,
Gastos no grabados - Ajuste,,,Administracion,RRHH,NG,Ajuste,,,,,,,,,
Impuesto a la RENTA,,,Administracion,Impuestos,SUNAT,Renta,,,,,,183,,,
Impuesto Bolsa Plastica,0.2,,Administracion,Impuestos,Plasticos,Bolsa,,,,,,184,,,
ITF,0.05,,Administracion,Impuestos,Financieros,ITF,,,,,,858,,,
Nestle Sublime Power,1.4,,Administracion,RRHH,Chocolates,,1,UND,,,,695,,,
Papas fritas en hojuelas Granel x 1 kg.,20,,Administracion,RRHH,Snacks,Papas,1,KG,,,,257,,,
Chifles Piuranos x kg.,20,,Administracion,RRHH,Snacks,Chifles,1,KG,,,,,,,
Papel de regalo diversos,0.6,0,Administracion,Utiles,Papeleria,Regalo,,,,,,259,,,
Papel Fotocopia KEROCOPY A4 x 75gr,10.79,,Administracion,Utiles,Papeleria,Bond,,,,KEROCOPY,,260,,,
Papel LEDESMA x 500 gr,8.89,,Administracion,Utiles,Papeleria,Bond,,,,,,515,,,
Papel Bond ARO A4 x 500h,12.4,MAKRO SUPERMAYORISTA S.A.,Administracion,Utiles,Papeleria,Bond,500,und,,ARO,,,,,
Papel lustre 50x65 LILA,0.5055,,Administracion,Utiles,Papeleria,Lustre,,,,,,261,,,
Papel XEROX A4 x 75 gr x 500 und,10.9,,Administracion,Utiles,Papeleria,Bond,,,,XEROX,,265,,,
Percepcion,2.61,,Administracion,Impuestos,SUNAT,Percepcion,,,,,,555,,,
Pincel Winsor & Newton #000 x 1 und,15.5,,Administracion,Utiles,Lapiceros,,1,UND,,,,731,,,
Ron FLOR DE CAÑA 5 Años x 1 und,50,,Administracion,RRHH,Licores,,,,,,,333,,,
Seguro Desgravamen - BCP (VISA Clasica),4,,Administracion,Financieras,Seguros,Desgravamen,,,,,,694,,,
Seguro Desgravamen - IBK (VISA ORO),6,,Administracion,Financieras,Seguros,Desgravamen,,,,,,693,,,
Servicio de DISEÑO,10,,Administracion,Servicios,,,,,,,,340,,,
Servicio de impresión COLOR,3,,Administracion,Servicios,,,,,,,,341,,,
Set Estilografos x 5und - Uniball,32.5,,Administracion,Utiles,Lapiceros,,5,UND,,,,728,,,
Silicona en barra GRUESA,1.5,,Administracion,Utiles,Consumibles,,,,,,,345,,,
Acetato,10,,CIF,Decoracion,Acetato,,,,,,,379,,,
Acetato (100 x 50cm) x 1 Und,6,,CIF,Decoracion,Acetato,100 x 50 cm,1,UND,1,MONICA,,380,,,
Ajicero DARNEL Negro x 2 oz x 100 und,6.09,,CIF,Envases,Envases,2 oz,100,UND,,,,383,,,
Alambre para flores #20 (0176-5),12,ROCOPLAST S.A.C,CIF,Decoracion,Alambres,#20,100,UND,,,,748,,,
Alambre para flores #22 (0176-4),12,,CIF,Decoracion,Alambres,#22,100,UND,Ciento,,,425,,,
Alambre para flores #30 (---),14,ROCOPLAST S.A.C,CIF,Decoracion,Alambres,#30,,,,,,838,,,
Alisador para tortas,10,,CIF,Utensilios,Decoracion,Alisador,1,UND,,,,572,,,
Aluminio redondo #9,2,,CIF,Envases,Termoformado,#9,1,UND,,,,389,,,
Rollo cinta metalica x 91.4mt,6,,CIF,Decoracion,Alambres,,91.4,Mts,,,,678,,,
Balanza Electrica x 5kg,34,,CIF,Utensilios,Horneado,Balanza,1,UND,,,,675,,,
Base Blanca #30 x 3 mm  [1/2 docena],19.2,VALECY,CIF,Tecnopor,Base,# 30,0.5,DZ,DOCENA,,,,,,
Base Redonda #30,1.4,ROCOPLAST S.A.C,CIF,Tecnopor,Base,# 30,1,UND,UNITARIO,MONICA,,476,,,
Base Redonda #30.50,2.2,,CIF,Tecnopor,Base,# 30.5,,,,,,373,,,
Base Tecnopor #15 x 1 und [Delgada],1.3,VALECY,CIF,Tecnopor,Piso,#15,1,UND,UNITARIO,,,,,,
Base Tecnopor #25 x 1 und,1,,CIF,Tecnopor,Base,#25,1,UND,UNITARIO,,,424,,,
Base Tecnopor #25 x 1 und [Delgada],2,VALECY,CIF,Tecnopor,Piso,#25,1,UND,UNITARIO,,,,,,
Base Tecnopor #25 x 12 und,11.6,MONICA,CIF,Tecnopor,Piso,#25,12,UND,DOCENA,MONICA,,582,,,
Base Tecnopor #30 x 1 und [Delgada],2.3,VALECY,CIF,Tecnopor,Piso,#30,1,UND,UNITARIO,,,,,,
Base Tecnopor #35 x 12 und,22,,CIF,Tecnopor,Base,#35,12,UND,DOCENA,,,4,,,
Base tecnopor delgada #25 x 1 und,2,,CIF,Tecnopor,Base,#25,1,UND,UNITARIO,,,623,,,
Base tecnopor delgada #30 x 1 und,2.3,,CIF,Tecnopor,Base,# 30,1,UND,UNITARIO,,,624,,,
Base TK #35 x 1 und,2.2,ROCOPLAST S.A.C,CIF,Tecnopor,Base,# 35,1,UND,UNITARIO,,,860,,,
"Base TK 1 1/2"" x 20 cm",1.9,ROCOPLAST S.A.C,CIF,Tecnopor,Base,# 20,1,UND,UNITARIO,,,,,,
"Base TK 1 1/2"" x 25 cm",2,ROCOPLAST S.A.C,CIF,Tecnopor,Base,# 25,1,UND,UNITARIO,,,,,,
"Base TK 1 1/2"" x 30 cm",2.5,ROCOPLAST S.A.C,CIF,Tecnopor,Base,# 30,1,UND,UNITARIO,,,,,,
"Base TK 1 1/2"" x 35 cm",3.2,ROCOPLAST S.A.C,CIF,Tecnopor,Base,# 35,1,UND,UNITARIO,,,,,,
Base Torta # 30 - Blanco -,8.5,ROCOPLAST S.A.C,CIF,Tecnopor,Base,# 30,1,UND,UNITARIO,,,836,,,
Base Torta # 35 - Blanco -,10,ROCOPLAST S.A.C,CIF,Tecnopor,Base,# 35,1,UND,UNITARIO,,,837,,,
Bola TK #1 1/2,0.5,ROCOPLAST S.A.C,CIF,Tecnopor,Bola,#1 1/2,1,UND,UNITARIO,,,823,,,
Bola TK #2,0.8,ROCOPLAST S.A.C,CIF,Tecnopor,Bola,#2,1,UND,UNITARIO,,,822,,,
Bola TK #2 1/2,0.9,ROCOPLAST S.A.C,CIF,Tecnopor,Bola,#2 1/2,1,UND,UNITARIO,,,751,,,
Bola TK #3,1,ROCOPLAST S.A.C,CIF,Tecnopor,Bola,#3,1,UND,UNITARIO,,,750,,,
Bolsa Basura ARO rollo x 35lt x 70und,18.49,MAKRO,CIF,Plastico,Bolsas,Basura x 35lt,70,UND,70,ARO,,10,,,
Bolsa Basura ARO rollo x 50lt x 50und,17.95,MAKRO,CIF,Plastico,Bolsas,Basura x 50lt,50,UND,50,ARO,,11,,,
Bolsa celofan 4 x 6 x 2 x ???und,2.5,,CIF,Plastico,Bolsas,4 x 6 x 2,,,,,,374,,,
Bolsa CELOFAN 4 x 8 x  2 x 100 und,3.5,MIYASHIRO HIKA RICARDO,CIF,Plastico,Bolsas,4 x 8 x 2,100,UND,CIENTO,,,896,,,
Bolsa de Papel #12,18,,CIF,Papeleria,Bolsas,# 12,,UND,,,,12,,,
Bolsa Kraft x 12 und,18,,CIF,Papeleria,Bolsas,Kraft,12,UND,,,,613,,,
Bolsa Pan ARO 24 x 36 cm x 100 und,9.19,MAKRO,CIF,Papeleria,Bolsas,Pan 24 x 36,100,UND,Ciento,ARO,,15,,,
Bolsa Pan ARO 34 x 50 cm x 100 und,14.29,MAKRO,CIF,Papeleria,Bolsas,Pan 34 x 50,100,UND,Ciento,ARO,,16,,,
BOLSA POLIPROPILENO 10x15x2 x 100und,11.8,,CIF,Plastico,Bolsas,Polipropileno,100,UND,Ciento,,,17,,,
BOLSA POLIPROPILENO 4x5x2 x 200und,3.36,,CIF,Plastico,Bolsas,Polipropileno,200,UND,200,,,18,,,
BOLSA POLIPROPILENO 4x6x2 x 100und,2.8,,CIF,Plastico,Bolsas,Polipropileno,100,UND,Ciento,,,19,,,
BOLSA POLIPROPILENO 4x6x2 x 200und,2.85,,CIF,Plastico,Bolsas,Polipropileno,200,UND,200,,,20,,,
BOLSA POLIPROPILENO 5x10x2 x 100und,,,CIF,Plastico,Bolsas,Polipropileno,100,UND,Ciento,,,806,,,
BOLSA POLIPROPILENO 6x8x2 x 100und,4.5,,CIF,Plastico,Bolsas,Polipropileno,100,UND,Ciento,,,21,,,
BOLSA POLIPROPILENO 8x12x2 x 100und,7.5,,CIF,Plastico,Bolsas,Polipropileno,100,UND,Ciento,,,22,,,
Bolsa Trilaminado x 50 gr x 12 und,12,Inversiones 1540 S.A.C,CIF,Papeleria,Bolsas,Trilaminados,12,UND,Docena,,,775,,,
Bolsa Trilaminados x 1/4 kg. x 100 und.,84,MONIPLAST S.A.C,CIF,Papeleria,Bolsas,Trilaminados,100,UND,Ciento,,,774,,,
Bolsa Trilaminados x 1/4 kg. x 25 und.,21,,CIF,Papeleria,Bolsas,Trilaminados,25,UND,,,,653,,,
Bolsa TSHIRT 12 x 16 (Bio degradable) x 100 und,3,,CIF,Plastico,Bolsas,Tshirt,100,UND,Ciento,,,23,,,
Bolsa TSHIRT 16 x 19 (Bio degradable) x 100 und,7.99,MAKRO,CIF,Plastico,Bolsas,Tshirt,100,UND,Ciento,,,413,,,
Bolsa TSHIRT 19 x 20 (Bio degradable) x 100 und,8,,CIF,Plastico,Bolsas,Tshirt,100,UND,Ciento,,,25,,,
Bolsa TSHIRT 19 x 20 x 100 und,11.99,,CIF,Plastico,Bolsas,Tshirt,1,UND,Ciento,,,24,,,
Bolsa TSHIRT 21 x 24 x 100 und,14,,CIF,Plastico,Bolsas,Tshirt,1,UND,Ciento,,,26,,,
Bolsa TSHIRT 21 x 24 x 100und - PB,12.48,,CIF,Plastico,Bolsas,Tshirt,1,UND,100,PB,,27,,,
Bolsa ZIP UTH 16.5 x 14.9 cm x 50 und,7.99,,CIF,Plastico,Bolsas,16.5 x 14.9,20,UND,50,,,28,,,
Boquilla ATECO 195,6,,CIF,Utensilios,Decoracion,Boquilla 195,1,UND,Unitaria,ATECO,,585,,,
Boquilla Chica - ATECO,7,,CIF,Utensilios,Decoracion,Boquilla,1,UND,Unitaria,ATECO,,824,,,
Boquilla Grande - ATECO,10.5,,CIF,Utensilios,Decoracion,Boquilla,1,UND,Unitaria,,,535,,,
Boquilla 67,4,INVERSIONES VALECY SHOP S.A.C.,CIF,Decoracion,Boquillas,#67,1,UND,,,,,,,
Boquilla 352,4.5,INVERSIONES VALECY SHOP S.A.C.,CIF,Decoracion,Boquillas,#352,1,UND,,,,,,,
Brochetas #4 x 100 und,1.5,,CIF,Decoracion,Brochetas,,100,UND,100,,,31,,,
Brochetas #4 x 100und (12cm),1.5,ROCOPLAST S.A.C,CIF,Decoracion,Brochetas,12cm,100,UND,Ciento,MONICA,,562,,,
Brochetas #6,3,,CIF,Decoracion,Brochetas,,,UND,,,,536,,,
Brochetas #6,3,,CIF,Decoracion,Brochetas,,,UND,,,,537,,,
Caja porcion de torta color x 25 und,8.2,ROCOPLAST S.A.C,CIF,Envases,Cajas,10 x 10,25,UND,Paquete,,,655,,,
Caja torta c/ ventana 12 x 12 x 13 x 12 und,12,ROCOPLAST S.A.C,CIF,Envases,Cajas,12 x 12 x13 cm,12,UND,Docena,,,46,,,
Caja torta c/ ventana 15 x 15 x 13 x 100 und,98,ROCOPLAST S.A.C,CIF,Envases,Cajas,15 x 15 x 13 cm,100,UND,Ciento,MONICA,,464,,,
Caja torta c/ ventana 15 x 15 x 13 x 12 und,14,ROCOPLAST S.A.C,CIF,Envases,Cajas,15 x 15 x 13 cm,12,UND,Docena,,,47,,,
Caja J8 Armable 18 x 22 x 5 cm -  Blanca,,,CIF,Envases,Cajas,18 x 22 x 5 cm,1,UND,,,,797,,,
Caja J8 Armable 18 x 22 x 5 cm x 12 UND,15.2,ROCOPLAST S.A.C.,CIF,Envases,Cajas,18 x 22 x 5 cm,12,UND,,,,,,,
Caja torta c/ ventana 18.5 x 18.5 x 12 und,17.6,ROCOPLAST S.A.C,CIF,Envases,Cajas,18.5 x 18.5 cm,12,UND,Docena,,,48,,,
Caja torta 20 x 20 x 15 x 12 und,14,ROCOPLAST S.A.C,CIF,Envases,Cajas,20 x 20 x 15,12,UND,Docena,MONICA,,44,,,
Caja torta 20 x 20 x 15 x 1 und,1.4,ROCOPLAST S.A.C,CIF,Envases,Cajas,20 x 20 x 15 cm,1,UND,,MONICA,,580,,,
Caja torta 20 x 20 x 15 x 12 und,1680,ROCOPLAST S.A.C,CIF,Envases,Cajas,20 x 20 x 15 cm,12,UND,,MONICA,,,,,
Caja J7 Armable 20 x 21 x 7.5 cm - Blanca [12 und],18.8,ROCOPLAST S.A.C.,CIF,Envases,Cajas,20 x 21 x 7.5 cm,12,UND,DOCENA,,,879,,,
Caja J7 Armable 20 x 21 x 7.5 cm - Natural,,ROCOPLAST S.A.C.,CIF,Envases,Cajas,20 x 21 x 7.5 cm,1,UND,,,,796,,,
Caja torta 20 x 20 x 15 x 100 und,136,ROCOPLAST S.A.C,CIF,Envases,Cajas,22 x 22 x 15 cm,100,UND,Ciento,MONICA,,674,,,
Caja torta 22 x 22 x 15 x 1 und,1.4,ROCOPLAST S.A.C,CIF,Envases,Cajas,22 x 22 x 15 cm,1,UND,UNIDAD,,,503,,,
Caja torta 22 x 22 x 15 x 12 und,14.4,ROCOPLAST S.A.C,CIF,Envases,Cajas,22 x 22 x 15 cm,12,UND,Docena,,,512,,,
Caja torta Alta 22 x 22 x 34 x 1 und,6,ROCOPLAST S.A.C,CIF,Envases,Cajas,22 x 22 x 34 cm,1,UND,UNIDAD,,,754,,,
Caja torta 26 x 26 x 15 x 1 und,1.6,ROCOPLAST S.A.C,CIF,Envases,Cajas,26 x 26 x 15,1,UND,Unitario,MONICA,,559,,,
Caja torta 26 x 26 x 15 x 12 und,16,ROCOPLAST S.A.C,CIF,Envases,Cajas,26 x 26 x 15,12,UND,Docena,,,443,,,
Caja torta 26 x 26 x 34 x 1 und,,,CIF,Envases,Cajas,26 x 26 x 34,1,UND,,,,802,,,
Caja Torta Alta 26 x 26 x 34 cm x 12 und,56,ROCOPLAST S.A.C,CIF,Envases,Cajas,26 x 26 x 34 cm,12,UND,DOCENA,MONICA,,897,,,
Caja Brownie [26x26x5] x 12 und,14,ROCOPLAST S.A.C,CIF,Envases,Cajas,26 x 26 x 5 cm,12,UND,Docena,MONICA,,872,,,
Caja torta 28 x 28 x 15 x 12 und,16.38,,CIF,Envases,Cajas,28 x 28 x 15,12,UND,Docena,MONICA,,45,,,
Caja J1 Armable 30 x 20 x 5 cm - Natural,17.6,ROCOPLAST S.A.C,CIF,Envases,Cajas,30 x 20 x 5 cm,12,UND,Docena,MONICA,,769,,,
Caja torta 30 x 30,1.27,HIKARO,CIF,Envases,Cajas,30 x 30,1,UND,1,HIKARO,,451,,,
Caja Torta 30 x 40 x 15 x 1 und,2.2,ROCOPLAST S.A.C,CIF,Envases,Cajas,30 x 40 x 15,1,UND,Unitario,,,848,,,
Caja Pizza [31x31] x 12 und,12.8,ROCOPLAST S.A.C,CIF,Envases,Cajas,31 x 31,12,UND,Docena,MONICA,,873,,,
Caja torta 31 x 31 x 15 x 12 und,17.97,ROCOPLAST S.A.C,CIF,Envases,Cajas,31 x 31 x 15,12,UND,Docena,,,479,,,
Caja Torta Blanca 31 x 31 x 34 cm,7.5,ROCOPLAST S.A.C,CIF,Envases,Cajas,31x31x34,1,UND,Unidad,MONICA,,647,,,
Caja Torta Blanca 31 x 31 x 34 cm x 12 und,80,ROCOPLAST S.A.C,CIF,Envases,Cajas,31x31x34,12,UND,Docena,MONICA,,665,,,
Caja torta 33 x 33 x 15 x 12 und,18.8,,CIF,Envases,Cajas,33 x 33 x 15 cm,12,UND,Docena,,,629,,,
Caja torta 35 x 35,1.27,HIKARO,CIF,Envases,Cajas,35 x 35,1,UND,1,HIKARO,,452,,,
Caja torta Alta 35 x 35 x 32 x 1 und,6.8,ROCOPLAST S.A.C,CIF,Envases,Cajas,35 x 35 x 32 cm,1,UND,Unitario,MONICA,,861,,,
Caja Torta Alta 35 x 35 x 32 x 12 und,80,ROCOPLAST S.A.C,CIF,Envases,Cajas,35 x 35 x 32 cm,12,UND,DOCENA,MONICA,,,,,
Caja torta Blanca 35 x 35 x 32 cm x 1 und,8.5,ROCOPLAST S.A.C,CIF,Envases,Cajas,35 x 35 x 32 cm,1,UND,UNIDAD,MONICA,,773,,,
"Envase CT3 Biodegradable 9"" x 1 und",5.9,,CIF,Envases,Cajas,Bio Degradable,1,UND,Unitario,,,817,,,
Envases CT4 Biodegradable x 50 und,40,,CIF,Envases,Cajas,Bio Degradable,50,UND,,,,702,,,
Cajas BOCADITOS (20 x 30 x 4.5) x 12 und,7.5,ROCOPLAST S.A.C,CIF,Envases,Cajas,Bocaditos,12,UND,,,,,,,
Caja Cup Cakes x 4 und x 100 und.,,,CIF,Envases,Cajas,Cup Cakes x 4,100,UND,CENTENA,,,,,,
Caja Cup Cakes x 4 und x 12 und.,12.8,,CIF,Envases,Cajas,Cup Cakes x 4,12,UND,Docena,MONICA,,38,,,
Caja Cup Cakes x 6 und x 1 und.,1.3333,,CIF,Envases,Cajas,Cup Cakes x 6,1,UND,1,,,39,,,
Caja Cup Cakes x 6 und x 100 und,108,ROCOPLAST S.A.C,CIF,Envases,Cajas,Cup Cakes x 6,100,UND,Ciento,MONICA,,462,,,
Caja Cup Cakes x 6 und x 12 und.,14.8,,CIF,Envases,Cajas,Cup Cakes x 6,12,UND,Docena,MONICA,,40,,,
Caja Cup Cakes x 9 und x 12 und,22.4,ROCOPLAST S.A.C,CIF,Envases,Cajas,Cup Cakes x 9,12,UND,DOCENA,MONICA,,866,,,
Envase para Cupcake unitario x 25 und,8,,CIF,Envases,Cajas,Cup Cakes,25,UND,,,,104,,,
Caja Queque ARO 32 x 14cm x 12 und.,15.99,MAKRO,CIF,Envases,Cajas,Keke,12,UND,Docena,ARO,,43,,,
Cajas para kekes,2,,CIF,Envases,Cajas,Keke,1,UND,Unitario,,,49,,,
Caja Pie 20x20 con ventana x 12 und,14.8,,CIF,Envases,Cajas,Pie 20x20,12,UND,Docena,MONICA,,41,,,
Caja Pie 26 x 26 x 8 x 12 und.,18,,CIF,Envases,Cajas,Pie 26x26x8,12,UND,Docena,MONICA,,708,,,
Caja Piononon 12 x 30 x 12 und,12,,CIF,Envases,Cajas,Pionono 12x30,12,UND,Docena,,,42,,,
Caja Pionono 14 x 30 x 12 und,12.8,ROCOPLAST,CIF,Envases,Cajas,Pionono 14x30,12,UND,Docena,,,609,,,
Caja Pionono 24.5 x 13 x 12 und,15,ROCOPLAST S.A.C,CIF,Envases,Cajas,Pionono 24.5x13.5,12,UND,Docena,MONICA,,666,,,
Caja Porcion Torta (Natural) [10 x 10.5 x 3] x 100 und,42,ROCOPLAST S.A.C,CIF,Envases,Cajas,Porcion,100,UND,Ciento,,,899,,,
Caja Porcion Torta x 25 und,8,ROCOPLAST S.A.C,CIF,Envases,Cajas,Porcion,25,UND,Paquete,MONICA,,898,,,
Caja Porcion Torta x 100 und,36,ROCOPLAST S.A.C,CIF,Envases,Cajas,Porcion,100,UND,,,,,,,
Caja ARO Alta torta 37x37x15 x 25 und,24.99,MAKRO,CIF,Envases,Cajas,,25,UND,25,ARO,,32,,,
Caja ARO baja 14x7x3.5cm x 25 und,5.69,MAKRO,CIF,Envases,Cajas,,25,UND,25,ARO,,33,,,
Caja ARO baja 26 x 26 x 4.5cm x 25 und.,19.89,MAKRO,CIF,Envases,Cajas,,25,UND,25,ARO,,34,,,
Brochetas #6 x 100und (15cm),1.5,ROCOPLAST S.A.C,CIF,Decoracion,Brochetas,15cm,100,UND,Ciento,MONICA,,563,,,
Carbones,20,,CIF,Mantenimiento,Repuestos,Kitchen Aid,,,,,,52,,,
Brochetas INTI 20cm x 100 und,3.9,,CIF,Decoracion,Brochetas,,,,,,,538,,,
Palito de Carton x 20cm,10,ROCOPLAST S.A.C,CIF,Decoracion,Brochetas,20cm,,,,,,814,,,
Cordon x mts,12,MERCERIA EL EDEN E.I.R.L.,CIF,Decoracion,Cordones,,1,MT,,,,,,,
Cinta de Agua 16  x 30 MT CELESTE,0.9,TAI LOY,CIF,Decoracion,Cinta,,30,MT,,,,435,,,
Cinta de Agua 16  x 30 MT LILA,0.9,TAI LOY,CIF,Decoracion,Cinta,,30,MT,,,,433,,,
Cinta de Agua 16  x 30 MT MAGENTA,0.9,TAI LOY,CIF,Decoracion,Cinta,,30,MT,,,,434,,,
Cinta de Agua 16  x 30 MT NEGRO,0.9,TAI LOY,CIF,Decoracion,Cinta,,30,MT,,,,438,,,
Cinta de Agua 16  x 30 MT PLATA,0.9,TAI LOY,CIF,Decoracion,Cinta,,30,MT,,,,437,,,
Cinta de Agua 16  x 30 MT VERDE MANZANA,0.9,TAI LOY,CIF,Decoracion,Cinta,,30,MT,,,,436,,,
Cinta de Organza 15mm x 10 mt,5,ROCOPLAST S.A.C,CIF,Decoracion,Cinta,Organza 15mm,10,MT,Unidad,MONICA,,465,,,
Cinta Delgada,5.5,,CIF,Decoracion,Cinta,,,,,,,60,,,
Cinta Gruesa,7.5,,CIF,Decoracion,Cinta,,,,,,,61,,,
Cinta Navideña,9,,CIF,Decoracion,Cinta,,,,,,,62,,,
Cinta Satinada - 15 mm x 10 mt,3.5,ROCOPLAST S.A:C,CIF,Decoracion,Cinta,Satinada,10,MT,,MONICA,,767,,,
Cono de Soguilla delgada (colores) x 10 mt,,ROCOPLAST S.A:C,CIF,Decoracion,Varios,Soguilla,10,MT,,,,,,,
Cinta Satinada - 25 mm x 10 mt,6.5,ROCOPLAST S.A.C,CIF,Decoracion,Cinta,Satinada,10,MT,,MONICA,,827,,,
Cinta Satinada - 7 mm x 10 mt,2,ROCOPLAST S.A.C,CIF,Decoracion,Cinta,Satinada,10,MT,,,,,,,
Cinta Satindad - 10 mm x 10 mt,2.5,ROCOPLAST S.A:C,CIF,Decoracion,Cinta,Satinada,10,MT,,,,,,,
Cortador Corazon,5,,CIF,Utensilios,Horneado,Cortadores,1,UND,,,,829,,,
Cortador de lata chico  varios x 3 und,3.5,ROCOPLAST S.A.C,CIF,Utensilios,Horneado,Cortadores,3,UND,,,,752,,,
"Cortador ""Cara Minnie"" c/ marcador",5.9,Inversiones Valcey S.A.C.,CIF,Utensilios,Horneado,Cortadores,1,UND,,,,,,,
Puerta c/Marco Grande - Cortador c/ marcador,6.5,Inversiones Valcey S.A.C.,CIF,Utensilios,Horneado,Cortadores,1,UND,,,,,,,
Cortador de Masa ,3.5,,CIF,Utensilios,Horneado,Cortadores,1,UND,,,,77,,,
Cortadro Cisne,6,,CIF,Utensilios,Horneado,Cortadores,1,UND,,,,830,,,
Cuchara DARNEL Acrilica x 100 und.,7,,CIF,Envio,Adicionales,Cubiertos,100,UND,,,,86,,,
Cucharitas de Maderas,10,,CIF,Varios,Varios,Cucharitas,,,,,,703,,,
DKASA Limp D,12.99,,CIF,Limpieza,Consumibles,Limpiatodo,,,,,,531,,,
Eje Planetario -KitchenAid-,200,,CIF,Mantenimiento,Repuestos,Kitchen Aid,,,,,,92,,,
Env Aluminio UTHIL Pie Tapa Domo x 25 und,30.59,,CIF,Envases,Termoformado,21cm,25,UND,,,,94,,,
Env Aluminio UTHIL Red Peq c/tapa 2,10.2,,CIF,Envases,Termoformado,Mini Pie,12,UND,,,,95,,,
Envase Biodegradable Helados x 1 lt. x 1 und.,1.15,,CIF,Envases,Helados,BIO,1,UND,,,,96,,,
Envase Biodegradable Helados x 16 oz. x 25 und.,9.77,,CIF,Envases,Helados,BIO 16oz,25,UND,,,,644,,,
Envase Biodegradable Helados x 8 oz. x 25 und.,29,,CIF,Envases,Helados,BIO 8oz,25,UND,,PAMOLSA,,684,,,
Envase cacer BL x 1/2 lt. X 25und,4.68,,CIF,Envases,Helados,Plastico,25,UND,,,,97,,,
Envase cacer BL x 1lt. X 25und,7.39,,CIF,Envases,Helados,Plastico,25,UND,,,,98,,,
Envase Carton de Helados x 1/2 lt x 1 und,1.3333,,CIF,Envases,Helados,Carton 16oz,1,UND,,,,99,,,
Envase Carton de Helados x 1/2 lt x 20 und,18,HIKARO,CIF,Envases,Helados,Carton 16oz,20,UND,,,,466,,,
Envase Carton de Helados x 1lt x 1 und,1.2,,CIF,Envases,Helados,Carton 1Lt,1,UND,,,,100,,,
Caja ARO baja 30x30x6 x 25 und,32.95,MAKRO,CIF,Envases,Cajas,,25,UND,25,ARO,,35,,,
Envase HFA USA x 1 Kg. X 12 und,18,ROCOPLAST S.A.C,CIF,Envases,Termoformado,1 Kg.,12,UND,Docena,HFA USA,,101,,,
Envase HFA USA x 500gr. X 12 und,12,ROCOPLAST S.A.C,CIF,Envases,Termoformado,1/2 Kg.,12,UND,Docena,HFA USA,,102,,,
"Envase HFA USA x 8""",20,ROCOPLAST S.A.C,CIF,Envases,Termoformado,"8""",12,UND,Docena,HFA USA,,489,,,
Envase NEGRO #28,5.003,,CIF,Envases,Envases,,,UND,,,,103,,,
Caja Cup Cake x 1 und,1.5,,CIF,Envases,Cajas,,1,UND,1,,,36,,,
Envase plastico helados x 1 lt x 1 und. ,0.38,,CIF,Envases,Helados,Plastico,1,UND,,,,105,,,
Envase Rect Aluminio x 2kg,5,ROCOPLAST S.A.C,CIF,Envases,Termoformado,2 kg,1,UND,Unitario,HFA USA,,770,,,
Envase SMP Redondo 250ml x 50 und,27.49,,CIF,Envases,Envases,,50,UND,,,,106,,,
Caja Cup Cakes x 4und,1.3,,CIF,Envases,Cajas,,1,UND,1,,,37,,,
Envoltura poligrasa para habanos x 100und,1,ROCOPLAST S.A.C,CIF,Plastico,Bolsas,Poligrasa,100,UND,,,,657,,,
EPPS,,,CIF,Uniforme,EPP's,,,,,,,543,,,
Espatula ATECO,19,,CIF,Utensilios,Decoracion,Espatulas,1,UND,Unitaria,ATECO,,587,,,
Espatula de Silicona,7.9,Plaza Vea,CIF,Utensilios,Horneado,Espatulas,1,UND,Unitaria,,,418,,,
Espatulas de presicion x 5 und,18,,CIF,Utensilios,Decoracion,Espatulas,1,UND,Set,,,586,,,
Esponja verde SBRITE 2n1 x 6 und.,11.89,,CIF,Limpieza,Consumibles,Esponja,,,,,,112,,,
Estuche SMP Rect Mediano x 50 und,33.95,,CIF,Envases,,,,,,,,113,,,
Etiquetas MARIA ARTESANA (ADV),,,CIF,Varios,Varios,Etiquetas,,,,,,115,,,
Film Plast UTHIL 304m x 30cm C/S,29.95,,CIF,Plastico,Film,304 m x 30 cm,1,UND,,,,523,,,
Film Plast. UTHIL BL 20m x 30cm C/S,6.89,,CIF,Plastico,Film,,,,,,,116,,,
"Film Plastico x 18""",25,,CIF,Plastico,Film,"18""",1,UND,,,,117,,,
Film SUPER FAST PRO Cbox x 15 x 300mts,41.1,,CIF,Plastico,Film,,,,,,,118,,,
FLORATEL x Und.,2,,CIF,,,,1,UND,,,,119,,,
Fosforos chicos Paquete,3,,CIF,Varios,Varios,Fosforos,,,,,,120,,,
Fosforos Llama Grande x 2 und,2.3,,CIF,Varios,Varios,Fosforos,,,,,,121,,,
,,,,,,,,,,,,,,,
Gasto Varios -Limpieza-,,,CIF,Limpieza,Varios,,,,,,,685,,,
Gastos Varios,,,CIF,Varios,Varios,Varios,,,,,,137,,,
PDQ Cinta Happy 6 ,9.9,,CIF,Decoracion,Cinta,Cintas,,,,,,271,,,
Pita de Poliester Colores variados set x 12,3.8,ROCOPLAST S.A.C,CIF,Decoracion,Cinta,Poliester,12,UND,,,,749,,,
Gastos Varios Utensilios Decoracion,,,CIF,Utensilios,Decoracion,Varios,,,,,,691,,,
Gastos Varios Utensilios Horneado,,,CIF,Utensilios,Horneado,Varios,,,,,,625,,,
Lavavajillas AYUDIN x 2.5 lt.,35,,CIF,Limpieza,Consumibles,Lava Vajillas,2.5,LT,,,,193,,,
Gas Butano Clipper x 1,22.9,,CIF,Decoracion,Consumibles,Butano,1,UND,,,,131,,,
Lata de Butano - Recarga -,21,,CIF,Decoracion,Consumibles,Butano,1,UND,,,,815,,,
Globos x 2 und,2.5,,CIF,Decoracion,Globos,,2,UND,,,,602,,,
Molde Silicona Algas,7,INVERSIONES VALECY SHOP S.A.C.,CIF,Decoracion,Moldes,Silicona,1,UND,,,,,,,
Molde Silicona Marina,12,INVERSIONES VALECY SHOP S.A.C.,CIF,Decoracion,Moldes,Silicona,1,UND,,,,,,,
Cañitas de plastico para kekes,8,,CIF,Decoracion,Varios,,,,,,,507,,,
Copas de Acrilico x 10 UND,9,,CIF,Decoracion,Varios,Acrilico,10,UND,,,,601,,,
Gastos Varios Decoracion,,,CIF,Decoracion,Varios,Varios,,,,,,650,,,
Esfera ROSE GOLD ESCARCHADO,10,INVERSIONES VALECY SHOP S.A.C.,CIF,Decoracion,Varios,Varios,1,UND,,,,,,,
Guante DKASA Domestico,5.19,,CIF,Limpieza,Consumibles,Guantes,,,,,,158,,,
Guante Latex (M) x 100 und,61.89,MAKRO,CIF,Uniforme,Guantes,Latex,100,UND,Ciento,,,608,,,
Guante VIRUTEX Corrugado Bicolor,8.45,,CIF,Limpieza,Consumibles,Guantes,,,,,,159,,,
"Guantes R&G LATEX ASEP ""M"" x 100 und.",19.29,,CIF,Limpieza,Consumibles,Guantes,100,UND,Ciento,R&G,,160,,,
Guantes R&G VINILO Transparente x XXX und.,,,CIF,Uniforme,Guantes,Vinilo,,,,R&G,,801,,,
Guantes VINILO ARO (M) x 100und,13.49,MAKRO,CIF,Uniforme,Guantes,Vinilo,100,UND,Ciento,ARO,,161,,,
Guantes vinilo M&K (M) x 100 und,34.9,MAKRO,CIF,Uniforme,Guantes,Vinilo,100,UND,Ciento,M&K,,414,1/8/2021 0:00,,
INTI Fosforos,2.3,,CIF,Varios,Varios,Fosforos,,,,INTI,,185,,,
INTI Fosforos (XL),2,,CIF,Varios,Varios,Fosforos,,,,INTI,,186,,,
Keke Aluminio #8 x 1 und,3.8,,CIF,Utensilios,Horneado,Moldes,,,,,,506,,,
Kekera #20 Aluminio,8,ROCOPLAST SAC,CIF,Utensilios,Horneado,Moldes,1,UND,Unitaria,,,648,,,
Kekera Aluminio #10 x 12 und,44,,CIF,Utensilios,Horneado,Moldes,12,UND,DOCENA,,,546,,,
Kekera Aluminio #12 x 12 und,60,,CIF,Utensilios,Horneado,Moldes,,,,,,191,,,
"Lamina Antigrasa 14x20"" x200",9.79,,CIF,Plastico,Film,Antigrasa,200,UND,,,,192,,,
Globos de plastico - Topper,4,CORPORACION ANGO S.A.C,CIF,Decoracion,Varios,Topper,1,UND,,ANGO,,771,,,
Lavavajillas SAPOLIO liquido x 5 Lt,30.99,,CIF,Limpieza,Consumibles,Lava Vajillas,5,LT,,,,521,,,
Aceite Bells x 5 Lt.,28.9,,Insumos,Abarrotes,Aceite,Vegetal x 5Lt,5,LT,,BELLS,,547,,,
Lover Center ,180,,CIF,Mantenimiento,Servicio,Kitchen Aid,,,,,,207,,,
Manga de Lona 45cm,7.5,,CIF,Utensilios,Decoracion,Manga Lona x 45 cm,1,UND,Unitaria,,,209,,,
"Manga descartable plastica 10"" x 100 und",32,,CIF,Utensilios,Decoracion,"Manga Descatables x 10""",100,UND,Paquete x 100,,,210,,,
"Manga descartable plastica 12"" x 100 und",48,,CIF,Utensilios,Decoracion,"Manga Descatables x 12""",100,UND,Paquete x 100,,,211,,,
Mangas de Plastico FM-5 x XX und,,,CIF,Utensilios,Decoracion,FM-5,,,,,,800,,,
Mantenimiento - Pastindustria,118,Pastindustria,CIF,Mantenimiento,Servicio,Kitchen Aid,,,,,,420,,,
Maqueta #15 x 15cm Alto x 1 und,,ROCOPLAST S.A.C,CIF,Tecnopor,Maqueta,#15,1,UND,UNITARIO,,,804,,,
Maqueta #20 x 15cm Alto x 1 und,,ROCOPLAST S.A.C,CIF,Tecnopor,Maqueta,#20,1,UND,UNITARIO,,,803,,,
Maqueta #25 x 15 cm ALTO x 1 und,7.5,ROCOPLAST S.A.C,CIF,Tecnopor,Maqueta,#25,1,UND,UNITARIO,,,,,,
Maqueta #25 x 16 cm ALTO x 1 und,7.5,ROCOPLAST S.A.C,CIF,Tecnopor,Maqueta,#25,1,UND,UNITARIO,,,859,,,
Maqueta #30 x 15 cm ALTO x 1 und,10.5,ROCOPLAST S.A.C,CIF,Tecnopor,Maqueta,#30,1,UND,UNITARIO,,,,,,
Maqueta #35 x 15 cm ALTO x 1 und,11.5,ROCOPLAST S.A.C,CIF,Tecnopor,Maqueta,#35,1,UND,UNITARIO,,,,,,
Maqueta Circular #10,2.2,,CIF,Tecnopor,Maqueta,#10,1,UND,UNITARIO,,,704,,,
Maqueta Circular #15,2.5,,CIF,Tecnopor,Maqueta,#15,1,UND,UNITARIO,MONICA,,626,,,
Maqueta Circular #20,6.2,ROCOPLAST S.A.C,CIF,Tecnopor,Maqueta,#20,1,UND,UNITARIO,MONICA,,783,,,
Maqueta Circular #25,4.6,ROCOPLAST S.A.C,CIF,Tecnopor,Maqueta,#25,1,UND,UNITARIO,,,656,,,
MOLDE # 20,8.5,,CIF,Utensilios,Horneado,Moldes,1,UND,Unitaria,,,238,,,
Molde ALUCIN Pionono 20 x 30,7.5,,CIF,Utensilios,Horneado,Moldes,1,UND,,,,239,,,
Molde de Silicona,20,,CIF,Utensilios,Horneado,Moldes,1,UND,,,,614,,,
Molde Muffin x 12 und,12.45,,CIF,Utensilios,Horneado,Moldes,1,UND,,,,240,,,
Molde N24,12.5,CHUMPITAZ CESPEDES SUSY,CIF,Utensilios,Horneado,Moldes,1,UND,,,,841,,,
Molde N28,15,CHUMPITAZ CESPEDES SUSY,CIF,Utensilios,Horneado,Moldes,1,UND,,,,840,,,
Molde Plano 18 (1/4 K) AMOSA,9.2,,CIF,Utensilios,Horneado,Moldes,1,UND,,,,241,,,
Molde Silicona Paleta 20 x 8,14,MONICA,CIF,Utensilios,Horneado,Moldes,1,UND,Unitaria,,,583,,,
Molde Torta #10,6,,CIF,Utensilios,Horneado,Moldes,1,UND,Unitaria,,,242,,,
Molde Torta #12,5,,CIF,Utensilios,Horneado,Moldes,1,UND,Unitaria,,,243,,,
Toper Capas 2,,INVERSIONES VALECY SHOP S.A.C.,CIF,Decoracion,Varios,Topper,1,UND,,,,,,,
Nadir Guante,34.9,,CIF,,,,,,,,,530,,,
Nova Gigante Papel Toalla,10.9,,CIF,Limpieza,Consumibles,Papel Toalla,1,UND,,,,246,,,
Paginas Piso #15,7.5,,CIF,Papeleria,Pisos,#15,,,,,,248,,,
Palanca selectora velocidades,68.44,Pastindustria,CIF,Mantenimiento,Repuestos,Kitchen Aid,,,,,,423,,,
Topers Personalizado Acrilico,15,INVERSIONES VALECY SHOP S.A.C.,CIF,Decoracion,Varios,Topper,1,UND,,,,,,,
Paño Sec x 20,14.9,,CIF,Limpieza,Consumibles,Trapo,20,UND,,,,721,,,
Papel ARO Antigrasa 30x30x1,5.49,MAKRO,CIF,Plastico,Film,Antigrasa,,,100,ARO,,258,,,
Papel Mant. UTHIL CJ 23M x 30cm C/S,15.79,,CIF,Papeleria,Mantequilla,,23,Mts,,,,262,,,
Papel Manteca x 15 pliegos,5,,CIF,Papeleria,Mantequilla,Pack 15 und,15,UND,,,,263,,,
Papel Manteca x 25 pliegos,6,ROCOPLAST S.A.C,CIF,Papeleria,Mantequilla,Pack 25 und,25,UND,,,,264,,,
Papel Manteca x 25 pliegos (Valecy),7,Valecy,CIF,Papeleria,Mantequilla,Pack 25 und,25,UND,,,,571,,,
Papel Mantequilla Rollo 18m x 30cm,8,,CIF,Papeleria,Mantequilla,18 mt x 30 cm,1,UND,Rollo,,,701,,,
Papel Toalla x 1 und,2.5,,CIF,Limpieza,Consumibles,Papel Toalla,,,,,,488,,,
Topers Carton 7.5,7.5,INVERSIONES VALECY SHOP S.A.C.,CIF,Decoracion,Varios,Topper,1,UND,,,,,,,
Toper de Trupan x 1 und,,INVERSIONES VALECY SHOP S.A.C.,CIF,Decoracion,Varios,Topper,1,UND,,,,,,,
Pirotines #2 - Blanco x XX und,,MAKRO SUPERMAYORISTA,CIF,Papeleria,Pirotines,#2 - Blanco,,,,,,798,,,
Pirotines #2 - Chocolate x XX und,,,CIF,Papeleria,Pirotines,#2 - Chocolate,,,,,,799,,,
Pitrotines #3 - Blanco x 1000 und,,,CIF,Papeleria,Pirotines,#3 - Blanco,1000,UND,Millar,,,,,,
Pirotines #8,5,,CIF,Papeleria,Pirotines,#8,,,,,,278,,,
Pirotines #8 - Amarillo x 100 und,3.5,ROCOPLAST S.A.C,CIF,Papeleria,Pirotines,#8 - Amarillo,100,UND,CIENTO,,,710,,,
Pirotines #8 - Blanco x 100 und,2.2,ROCOPLAST S.A.C,CIF,Papeleria,Pirotines,#8 - Blanco,100,UND,CIENTO,,,445,,,
Pirotines #8 - Celeste x 100 und,3.5,ROCOPLAST S.A.C,CIF,Papeleria,Pirotines,#8 - Celeste,100,UND,CIENTO,,,711,,,
Pirotines #8 - Marron x 100 und,3.2,ROCOPLAST S.A.C,CIF,Papeleria,Pirotines,#8 - Marron,100,UND,CIENTO,,,446,,,
Pirotines #8 - Naranja x 100 und,3.5,ROCOPLAST S.A.C,CIF,Papeleria,Pirotines,#8 - Naranja,100,UND,CIENTO,,,713,,,
Pirotines #8 - Rosado x 100 und,3.5,ROCOPLAST S.A.C,CIF,Papeleria,Pirotines,#8 - Rosado,100,UND,CIENTO,,,627,,,
Pirotines #8 - Verde Limon x 100 und,3.5,ROCOPLAST S.A.C,CIF,Papeleria,Pirotines,#8 - Verde,100,UND,CIENTO,,,712,,,
Piso para torta #20 Dorado x 12 und,11.6,ROCOPLAST S.A.C,CIF,Pisos,Torta,# 20 Dorado,12,UND,Docena,MONICA,,296,,,
Piso para torta #20 Plateado x 12 und,11.6,ROCOPLAST S.A.C,CIF,Pisos,Torta,# 20 Plateado,12,UND,Docena,MONICA,,297,,,
Piso para torta #20 Blanco x 12 und,11.2,ROCOPLAST S.A.C,CIF,Pisos,Torta,# 20 Blanco,12,UND,Docena,MONICA,,,,,
Piso de Torta ARO Redondo #14 x 100 und,5.19,MAKRO,CIF,Tecnopor,Piso,,100,UND,CIENTO,ARO,,281,,,
Piso de Torta ARO Redondo #24 x 100 und,11.29,MAKRO,CIF,Papeleria,Pisos,#24,100,UND,100,ARO,,282,,,
Piso de Torta ARO Redondo #9 x 200 und,8.99,MAKRO,CIF,Tecnopor,Piso,,200,UND,200,ARO,,283,,,
Piso de Torta con blonda #16.5cm x 100 und,10,,CIF,Papeleria,Pisos,#16.5,100,UND,,,,284,,,
Piso de Torta con blonda x 20.5cm x 100 und,10,,CIF,Papeleria,Pisos,,100,UND,,,,285,,,
Piso dorado duro para Torta #12 x 12 und -Sur-,9,,CIF,Pisos,Torta,#12,12,UND,Docena,PAMELA,,286,,,
Piso Keke 12 x 22 DORADO x 1 Und,1.5,,CIF,Pisos,Keke,12 x 22 Dorado,1,UND,Unitaria,,,287,,,
Piso Keke 12 x 30 DORADO x 1 Und,1.8,,CIF,Pisos,Keke,12 x 30 Dorado,1,UND,Unitaria,,,288,,,
Piso Keke 12 x 30 Plateado x 12 und,14.8,,CIF,Pisos,Keke,12 x 30 Plateado,12,UND,Docena,,,289,,,
Piso Keke 30 x 25 1 und,2.8,,CIF,Pisos,Keke,30 x 25,1,UND,Unitaria,PAMELA,,290,,,
Piso para torta #12 Plateado x 12 und,6.8,,CIF,Pisos,Torta,#12,12,UND,Docena,MONICA,,579,,,
Piso para torta #12 Dorado x 12 und,6.8,,CIF,Pisos,Torta,#12 Dorado,12,UND,Docena,,,291,,,
Piso para torta #15 Blanco x 100 und,46,ROCOPLAST S.A.C,CIF,Pisos,Torta,#15,100,UND,CIENTO,MONICA,,558,,,
Piso plateado duro para Torta #15 x 12 und,9.6,,CIF,Pisos,Torta,#15,12,UND,Docena,MONICA,,298,,,
Piso plateado duro para Torta #15 x 12 und -Sur-,12,,CIF,Pisos,Torta,#15,12,UND,Docena,PAMELA,,299,,,
Piso para torta #15 Dorado x 100 und,58,,CIF,Pisos,Torta,#15 Dorado,100,UND,Ciento,MONICA,,573,,,
Piso para torta #15 Dorado x 12 und,9.6,ROCOPLAST S.A.C,CIF,Pisos,Torta,#15 Dorado,12,UND,Docena,MONICA,,292,,,
Piso para torta #15 Plateado x 100 und,58,ROCOPLAST S.A.C,CIF,Pisos,Torta,#15 Plateado,100,UND,CIENTO,MONICA,,463,,,
Piso para torta #15 Plateado x 12 und,9.6,ROCOPLAST S.A.C,CIF,Pisos,Torta,#15 Plateado,12,UND,Docena,MONICA,,293,,,
Piso Blanco duro para torta #18 x 12 und,8.8,,CIF,Pisos,Torta,#18,12,UND,Docena,,,279,,,
Piso para torta #18 Dorado x 12 und,11.6,ROCOPLAST S.A.C,CIF,Pisos,Torta,#18 Dorado,12,UND,Docena,MONICA,,294,,,
Piso para torta #18 Plateado x 12 und,11.6,ROCOPLAST S.A.C,CIF,Pisos,Torta,#18 Plateado,12,UND,Docena,MONICA,,295,,,
Piso para torta #20 Dorado x 1 und,4,ROCOPLAST S.A.C,CIF,Pisos,Torta,#20 Dorado,1,UND,,,,505,,,
Piso para torta #22 Blanco x 12 und,12,ROCOPLAST S.A.C,CIF,Pisos,Torta,#22 Blanco,12,UND,Docena,MONICA,,893,,,
Piso para torta #22 Dorado x 1 und,1.4,ROCOPLAST S.A.C,CIF,Pisos,Torta,#22 Dorado,1,UND,Unitario,MONICA,,638,,,
Piso para torta #22 Dorado x 12 und,13.2,,CIF,Pisos,Torta,#22 Dorado,12,UND,Docena,MONICA,,709,,,
Piso para torta #22 Plateado x 12 und,12.8,,CIF,Pisos,Torta,#22 Plateado,12,UND,Docena,,,511,,,
Piso para torta #24.5 Plateado x 12 und,14.2,ROCOPLAST S.A.C,CIF,Pisos,Torta,#24.5 Plateado,12,UND,DOCENA,MONICA,,444,,,
Piso para Torta #25 Blanco x 12 und,14,ROCOPLAST S.A.C,CIF,Pisos,Torta,#25 Blanco,12,UND,Docena,MONICA,,870,,,
Piso para torta #25.5 Blanco x 12 und,14,ROCOPLAST S.A.C,CIF,Pisos,Torta,#25.5 Blanco,12,UND,Docena,,,819,,,
Piso para torta #25.5 Dorado x 100 und,126,ROCOPLAST S.A.C,CIF,Pisos,Torta,#25.5 Dorado,100,UND,Ciento,MONICA,,766,,,
Piso para torta #25.5 Dorado x 12 und,15.2,,CIF,Pisos,Torta,#25.5 Dorado,12,UND,Docena,,,514,,,
Piso para torta #25.5 Plateado x 1 und,1.7,,CIF,Pisos,Torta,#25.5 Plateado,1,UND,Unitario,,,560,,,
Piso para torta #25.5 Plateado x 12 und,15.2,ROCOPLAST S.A.C,CIF,Pisos,Torta,#25.5 Plateado,12,UND,Docena,MONICA,,611,,,
Piso Blanco duro para torta #27.5 x 12 und,13.2,,CIF,Pisos,Torta,#27.5,12,UND,Docena,,,280,,,
Piso para torta #27.5 Dorado x 12 und,20,ROCOPLAST S.A.C,CIF,Pisos,Torta,#27.5 Dorado,12,UND,Docena,MONICA,,639,,,
Piso para torta #30.5 Blanco x 12 und,17.2,,CIF,Pisos,Torta,#30.5 Blanco,12,UND,Docena,,,831,,,
Piso para torta #30.5 Dorado x 1 und,3.2,ROCOPLAST S.A.C,CIF,Pisos,Torta,#30.5 Dorado,1,UND,Unitario,MONICA,,620,,,
Piso para torta #30.5 Dorado x 12 und,23.9965,ROCOPLAST S.A.C,CIF,Pisos,Torta,#30.5 Dorado,12,UND,Docena,MONICA,,640,,,
Piso para torta #30.5 Plateado x 1 und,3.2,ROCOPLAST S.A.C,CIF,Pisos,Torta,#30.5 Plateado,1,UND,Unitario,MONICA,,619,,,
Piso Pionono 13 x 24 x 12 und,10.8,ROCOPLAST S.A.C,CIF,Pisos,Pionono,13 x 24,12,UND,Docena,MONICA,,867,,,
Piso Pionono 14x30 x 12 und,14.8,ROCOPLAST S.A.C,CIF,Pisos,Pionono,14x30,12,UND,Docena,MONICA,,610,,,
Piso para Torta 13 x 24 Dorado x 12 und.,14,,CIF,Pisos,Torta,13 x 24,12,UND,Docena,MONICA,,654,,,
Piso Marmoleado 20 x 30cm,2.2,ROCOPLAST S.A.C,CIF,Pisos,Torta,20 x 30cm,1,UND,Unitario,MONICA,,768,,,
Piso Tecnopor [22 BL] x 100 und,50,,CIF,Tecnopor,Piso,#22,100,UND,CIENTO,,,900,,,
Piso Tecnopor #20 x 100 und,14,,CIF,Tecnopor,Piso,#20,100,UND,CIENTO,,,300,,,
Piso Tecnopor #20 x 25 und,5.5,,CIF,Tecnopor,Piso,#20,25,UND,25,,,301,,,
Piso tecnopor x 20cm x 1 und,6.5,,CIF,Tecnopor,Piso,,1,UND,UNITARIO,,,302,,,
Piso tecnopor x 22cm x 1 und.,0.22,,CIF,Tecnopor,Piso,,1,UND,UNITARIO,,,303,,,
Piso tecnopor x 22cm x 25 und.,7,,CIF,Tecnopor,Piso,#22,,,25,,,304,,,
Mondadientes,1.5,,CIF,Decoracion,Varios,,,,,,,244,,,
Parante para Keke Delgado x 8 und,8,ROCOPLAST S.A.C,CIF,Decoracion,Varios,,8,UND,,,,753,,,
PT ELITE ultra blanco x 6und,8,,CIF,Limpieza,Consumibles,Papel Toalla,,,,,,315,,,
Rejillas Fierro para enfriar,14,,CIF,Utensilios,Horneado,Rejilla,1,UND,1,,,327,,,
Rodaje,40,,CIF,Mantenimiento,Repuestos,Kitchen Aid,,,,,,328,,,
Rodillo para medir,99.8988,,CIF,Utensilios,Decoracion,Rollo,1,UND,Unitaria,,,329,,,
Pizarritas,2.5,,CIF,Decoracion,Varios,,,,,,,305,,,
Rollo PBMATIC (1 kg) 5 x 10 CM,13.6,MAKRO SUPERMAYORISTA S.A.,CIF,Plastico,Bolsas,PBMATIC,1,KG,,,,,,,
Rollo PBMATIC (1 kg) 7 x 10 CM,13.6,MAKRO SUPERMAYORISTA S.A.,CIF,Plastico,Bolsas,PBMATIC,1,KG,,,,,,,
Rollo PBMATIC 1kg 7 x 10cm,10.9,,CIF,Plastico,Bolsas,PBMATIC,1,KG,,,,330,,,
Rollo PBMATIC 1kg 8 x 12cm,10.9,,CIF,Plastico,Bolsas,PBMATIC,1,KG,,,,331,,,
Rollo PMATIC 1/2kg 3 x 8 cm,9.09,,CIF,Plastico,Bolsas,PBMATIC,0.5,KG,,,,332,,,
Rotor de Metal para decoraciones,98,,CIF,Utensilios,Decoracion,Rotor,1,UND,Unitaria,,,676,,,
Salseros PAMOLSA Negro 2 oz x 100,7.25,,CIF,Envases,Envases,2 oz,100,UND,,,,335,,,
Salseros PAMOLSA Trans 2 oz x 100,7.89,,CIF,Envases,Envases,2 oz,100,UND,,,,495,,,
Servicio Kitchen Aid,150,,CIF,Mantenimiento,Servicio,Kitchen Aid,,,,,,516,,,
Servicio Whirlpool,150,,CIF,Mantenimiento,Servicio,Kitchen Aid,,,,,,344,,,
Soporte Silicona,9.52,,CIF,Utensilios,Horneado,Soporte,1,UND,,,,597,,,
"Stretchfilm ARO trn 18"" 20 mic 1.5K",16.99,MAKRO,CIF,Plastico,Film,"18""",1,UND,,ARO,,347,,,
Tapa Ajicero DARNEL 0.5/1 oz x 100,2.87,,CIF,Envases,Tapas,0.5 / 1 oz,100,UND,,,,351,,,
Tapa Ajicero DARNEL 2 oz x 100,4.39,,CIF,Envases,Tapas,2 oz,100,UND,,,,352,,,
Tapa Biodegradable Helados x 16 oz. x 25 und.,10.18,,CIF,Envases,Tapas,16 oz,25,UND,,,,643,,,
Tapa Circular 8-12 oz Bio x 25 und,4.7,MAKRO SUPERMAYORISTA S.A.,CIF,Envases,Tapas,8 / 12 oz,25,UND,,,,,,,
Tapa cacer 6-8 12.5oz x 50 und,2.78,,CIF,Envases,,,50,UND,,,,353,,,
Tapa cacer BL 1/2-1Lt x 50 und.,3.49,,CIF,Envases,Tapas,0.5 / 1 lt,50,UND,,,,354,,,
Tapa Salsero 1.5 oz x 100,6.9,,CIF,Envases,Tapas,1.5 oz,100,UND,,,,607,,,
Tapa Salsero 2-3 oz x 100,4.79,,CIF,Envases,Tapas,2/3 oz,100,UND,,,,355,,,
Tapete para medir y estirar WILTON,64.9,,CIF,Utensilios,Decoracion,Tapete,1,UND,Unitaria,,,356,,,
Toca ARO tipo tira Celeste x 100 cm,26.99,MAKRO,CIF,Uniforme,,,100,UND,100,ARO,,359,,,
Vaso Plastico Rochelle 200ml x 20und,7.5,,CIF,,,,20,UND,,,,362,,,
Vasos para café x 4 oz x 50 und,7.5,Inversiones 1540,CIF,Papeleria,Vasos,4 oz,50,UND,,,,776,,,
Vela de #,2.5,,CIF,Varios,Varios,Velas,,,,,,363,,,
Velas cortas para cumpleaños x 24,3.5,,CIF,Decoracion,Varios,,24,UND,,,,364,,,
Velas cortas para cumpleaños x 250 und,10,,CIF,Decoracion,Varios,,250,UND,,MONICA,,630,,,
Aceite COCINERO x 5 lt.,32.4,,Insumos,Abarrotes,Aceite,Vegetal x 5Lt,5,LT,,COCINERO,,496,,,
Aceite DELEI x 1 Lt.,6.99,,Insumos,Abarrotes,Aceite,Vegetal x 1Lt.,1,LT,,DELEI,,550,,,
Aceite METRO x 900ml,7.576,Metro,Insumos,Abarrotes,Aceite,Vegetal x 0.9Lt,0.9,LT,,,,724,,,
Aceite NICOLINI - 1 Lt.,4.5,Plaza Vea,Insumos,Abarrotes,Aceite,Vegetal x 1Lt,1,LT,,NICOLINI,,375,,,
Aceite Vegetal ARO x 5 lt.,30.35,MAKRO,Insumos,Abarrotes,Aceite,Vegetal x 5Lt,5,LT,1,ARO,,377,,,
Aceite Vegetal CIL x 5 Lt.,36.89,ALICORP,Insumos,Abarrotes,Aceite,Vegetal x 5Lt,5,LT,,CIL,,554,,,
Aceite Vegetal COSTEÑO x 5 Lt.,53,MAKRO SUPERMAYORISTA S.A.,Insumos,Abarrotes,Aceite,Vegetal x 5Lt,5,LT,,COSTEÑO,,785,,,
Aceite Vegetal Friol x 5 Lt.,40.7,MAKRO SUPERMAYORISTA S.A.,Insumos,Abarrotes,Aceite,Vegetal x 5Lt,5,LT,,FRIOL,,884,,,
Aceite Vegetal MIRASOL X 1lt.,7.5,RUTH MARKET S.A.C.,Insumos,Abarrotes,Aceite,Vegetal x 1Lt,1,LT,,MIRASOL,,863,,,
Aceite Vegetal PRIMOR x 1 Galon,35.5,,Insumos,Abarrotes,Aceite,Vegetal x 5Lt,5,LT,,PRIMOR,,376,,,
Aceite Vegetal PRIMOR x 1lt,11.9,,Insumos,Abarrotes,Aceite,Vegetal x 1Lt,1,LT,,PRIMOR,,789,,,
Aceite Vegetal PRIMOR x 900 ml.,,,Insumos,Abarrotes,Aceite,Vegetal x 0.9Lt,0.9,LT,,PRIMOR,,790,,,
Aceite Vegetal SAO x 5 lt.,35.6,Plaza Vea,Insumos,Abarrotes,Aceite,Vegetal x 5Lt,5,LT,,SAO,,480,,,
ACEITE VEGETAL TOTTUS X 900 ML.,6.9,HIPERMERCADO TOTTUS S.A.,Insumos,Abarrotes,Aceite,Vegetal x 0.9Lt,0.9,LT,,,,865,,,
Aceite Vegetal TRIA x 1 Lt,4.8,,Insumos,Abarrotes,Aceite,Vegetal x 1Lt,1,LT,,TRIA,,378,,,
Colorante en GEL Elymar x 12 und,40,ROCOPLAST S.A.C,Insumos,Decoracion,Colorantes,Gel,0.36,Lt,,,,670,,,
Aceituna Botija Entera x 790gr,11.9,MAKRO SUPERMAYORISTA S.A.,Insumos,Abarrotes,Fiambres,Aceitunas,0.79,KG,,,,887,,,
Aceituna Deshuesada x Kg,,,Insumos,Abarrotes,Fiambres,Aceitunas,1,KG,,,,741,,,
Aceitunas ARO Negra Entera x 0.790 kg.,17.5,MAKRO SUPERMAYORISTA S.A.,Insumos,Abarrotes,Aceitunas,790 gr.,0.79,KG,,,,,,,
Acelga Tottus x 300gr,5,Hipermercado Tottus S.A.,Insumos,Verduras,Acelga,Tottus,0.3,KG,,,,717,,,
Aguaymanto FRESCOPE,5.4,,Insumos,Frutas,Envasado,,,KG,,,,381,,,
Aguaymantos x 200 gr LA FLORENCIA,4.99,,Insumos,Frutas,Aguaymantos,200 gr,0.2,KG,Bandeja,LA FLORENCIA,,382,,,
Aguaymantos x 250 gr,4.4,,Insumos,Frutas,Aguaymantos,250 gr,0.25,KG,Bandeja,,,816,,,
Ajuste Insumos,,,Insumos,Ajuste,Descuento,,,,,,,385,,,
Albahaca Bells x x gr,1.9,,Insumos,Verduras,Albahaca,Bells,,,,,,736,,,
Albaricoque Seco x 1 Kg.,48,CORPORACION D'ROBLES SAC,Insumos,FrutosS,Frutos,Albaricoque,1,KG,,,,871,,,
Alcachofa Extra x und,4.39,,Insumos,Verduras,Alcachofas,EXTRA,1,UND,,,,386,,,
Alcachofas c/espinas,2.29,,Insumos,Verduras,Alcachofas,,1,UND,,,,387,,,
Alcachofas x Und,2.39,,Insumos,Verduras,Alcachofas,,1,UND,,,,851,,,
Blanqueador,2,,Insumos,Decoracion,Colorantes,Polvo,1,UND,,,,745,,,
Bidon San Luis x 7 Lt.,6.9,,Insumos,Abarrotes,Varios,Agua,7,LT,,SAN LUIS,,7,,,
Apio x Atado,1.09,COMPAÑÍA FOOD RETAIL S.A.C,Insumos,Verduras,Apio,,1,UND,,,,876,,,
Arandano Entero x 0.5 kg.,6.5,EL FRUTERO,Insumos,Congelados,Fruta,Arandanos,0.5,KG,Unitaria,EL FRUTERO,,470,,,
Arándanos Enteros x kg,18.29,,Insumos,Frutas,Arándanos,1 Kg,1,KG,,,,765,,,
Arándanos x 100 gr LA FLORENCIA,4.99,,Insumos,Frutas,Arándanos,100 gr,0.1,KG,Bandeja,LA FLORENCIA,,390,,,
Arándanos x 125 gr,5.49,,Insumos,Frutas,Arándanos,,0.125,KG,,,,391,,,
Arándanos x 150 gr,,,Insumos,Frutas,Arándanos,150 gr,0.15,KG,,,,807,,,
Arandanos Frescos x 500 gr,13.89,MAKRO SUPERMAYORISTA S.A.,Insumos,Frutas,Arándanos,500 gr,0.5,KG,,,,,,,
Arándanos x 250 gr,,,Insumos,Frutas,Arándanos,250 gr,0.25,KG,,,,808,,,
Avena Grano de Oro x 1 Kg.,2.99,,Insumos,Abarrotes,Avena,1 Kg,1,KG,,Grano de Oro,,720,,,
Avena Premium 3 Ositos x 1kg.,5.2,,Insumos,Abarrotes,Avena,1 Kg,1,KG,,3 Ositos,,393,,,
Avena Santa Catalina x Xkg.,11.5,,Insumos,Abarrotes,Varios,Avena,,,,SANTA CATALINA,,679,,,
Azucar Blanca ARO x 5kg.,15.69,MAKRO,Insumos,Azucar,Blanca,5Kg,5,KG,1,ARO,,394,,,
Azucar Blanca BELLS x 5 Kg.,15.5,,Insumos,Azucar,Blanca,5 Kg,5,KG,,BELLS,,416,,,
Azucar Blanca DULFINA x 5kg,13.49,,Insumos,Azucar,Blanca,5Kg,5,KG,,DULFINA,,395,,,
Azucar Blanca GRANEL x 1 kg.,3.3,,Insumos,Azucar,Blanca,1 Kg,1,KG,,GRANEL,,396,,,
Azucar Blanca PARAMONGA X 25 kg.,59.2,,Insumos,Azucar,Blanca,25 kg,25,KG,,PARAMONGA,,397,,,
Azucar Blanca Refinada Casa Grande x 50 Kg.,102.8,,Insumos,Azucar,Blanca,50 kg.,50,KG,,CASA GRANDE,,398,,,
Azucar Blanca WONG x 1 Kg.,4.5,WONG,Insumos,Azucar,Blanca,1 Kg,1,KG,,WONG,,399,,,
Azucar Blanca WONG x 5kg.,16.99,WONG,Insumos,Azucar,Blanca,5Kg,5,KG,,WONG,,400,,,
Azucar Finita ARO x 5 Kg. ,30.15,MAKRO,Insumos,Azucar,Finita,5Kg,5,KG,1,ARO,,401,,,
Azucar Finita Fleischman x 1 kg,9.2,,Insumos,Azucar,Finita,1 Kg,1,KG,,FLEISCHMAN,,402,,,
Azucar Finita Fleischman x 4 kg.,55,MAKRO SUPERMAYORISTA S.A.,Insumos,Azucar,Finita,4 Kg,4,KG,,FLEISCHMAN,,,,,
Azucar Finita FRATELLO X 1 kg.,8.8,,Insumos,Azucar,Finita,1 Kg,1,KG,,FRATELLO,,403,,,
Azucar Finita NEGRITA x 1kg,8.5,,Insumos,Azucar,Finita,1 Kg,1,KG,,NEGRITA,,404,,,
Azucar Finita NEGRITA x 1kg 5BOL.,33.93,NUGENT,Insumos,Azucar,Finita,5KG,5,KG,,NEGRITA,,746,,,
Azucar Finita NEGRITA x 5kg,30,,Insumos,Azucar,Finita,5Kg,5,KG,,NEGRITA,,405,,,
Azucar Finita NEGUSA x 1kg,8.9,,Insumos,Azucar,Finita,1 Kg,1,KG,,NEGUSA,,406,,,
Azucar Finita UNIVERSAL x 200 gr,2.5,Jet Maket,Insumos,Azucar,Finita,200 gr,0.2,KG,,UNIVERSAL,,483,,,
Azucar Rubia ARO x 5 Kg. ,14.99,MAKRO,Insumos,Azucar,Rubia,5Kg,5,KG,1,ARO,,407,,,
Azucar Rubia Cartavio x 50 kg.,101.4,,Insumos,Azucar,Rubia,50 kg.,50,KG,,CARTAVIO,,408,,,
Azucar Rubia Dulfina x 1 kg.,4.5,,Insumos,Azucar,Rubia,1 Kg,1,KG,,DULFINA,,723,,,
Azucar Rubia DULFINA x 5 Kg.,12.8,,Insumos,Azucar,Rubia,5Kg,5,KG,,DULFINA,,409,,,
Azucar Rubia GRANEL x 1 kg.,3.1,,Insumos,Azucar,Rubia,1 Kg,1,KG,,GRANEL,,410,,,
Azucar Rubia MAXIMA x 1 Kg.,2.99,,Insumos,Azucar,Rubia,1 Kg,1,KG,,MAXIMA,,411,,,
Azucar Rubia Paramonga,12.9,,Insumos,Azucar,Rubia,5Kg,5,KG,,PARAMONGA,,412,,,
Azucar Rubia PARAMONGA x 25 kg.,58.2,,Insumos,Azucar,Rubia,25 kg,25,KG,,PARAMONGA,,494,,,
Azucar Rubia SAN JACINTO x 25 kg.,53.19,,Insumos,Azucar,Rubia,25 kg,25,KG,,SAN JACINTO,,1,,,
Azucar Rubia SAN JACINTO x 50 kg.,116.94,,Insumos,Azucar,Rubia,50 kg.,50,KG,,SAN JACINTO,,549,,,
Baguettinito (Don Mamino),0.3,GRUPO ONCE S.A.C.,Insumos,Panaderia,Minis,Bagettinito,1,UND,,,,3,,,
Colorante en Gel Fucsia - Pasta,3.5,,Insumos,Decoracion,Colorantes,Gel,1,UND,Unitario,,,714,,,
Colorante en Gel Rosado Natural - Pasta,3.5,,Insumos,Decoracion,Colorantes,Gel,1,UND,Unitario,,,715,,,
Bicarbonato Bells x 25gr.,1,,Insumos,Leudantes,Quimico,Bells,0.025,KG,,,,544,,,
Bicarbonato de Sodio x 1kg,12,,Insumos,Leudantes,Quimico,x Kg.,1,KG,,,,6,,,
Crema de Leche BAZO VEL x 946 ml,13.98,,Insumos,Lacteos,Crema,946 Ml,0.946,LT,,BAZO VELARDE,,79,,,
Crema de Leche GLORIA x 946 ml,14.4904,,Insumos,Lacteos,Crema,946 Ml,0.946,LT,,GLORIA,,80,,,
Blueberry x 150gr.,5.5,,Insumos,Frutas,Envasado,,0.15,KG,,,,8,,,
Chantilly Vegetal x und,11,,Insumos,Especiales,Vegetariano,Chantilly,0.95,LT,,,,,,,
Azucar de Coco x 450gr,,,Insumos,Especiales,Diabeticos,A.Coco,0.45,KG,,C & Co.,,,,,
Chirimoya x kg.,9.52,COMPAÑIA FOOD RETAIL S.A.C.,Insumos,Frutas,Chirimoya,1 Kg,1,KG,,,,,,,
Blueberry x 500gr,14.99,,Insumos,Frutas,Envasado,500 gr,0.5,KG,Bandeja,,,596,,,
Bola de Chancaca,5,,Insumos,Azucar,Chancaca,,,,,,,612,,,
Bola de Chancaca x 0.50 kg.,5.5,,Insumos,Azucar,Chancaca,0.5 kg.,0.5,KG,,,,834,,,
Colorante GEL Naranja  x 1 und / JOFSAC,3.5,Inversiones Valecy Shop S.A.C.,Insumos,Decoracion,Colorantes,Gel,1,UND,Unitario,,,,,,
Cabanossi x kg.,61.4,,Insumos,Carnes,Embutidos,Cabanossi,1,KG,,,,737,,,
CAFETAL SELECTO,15.9,,Insumos,Abarrotes,Varios,Café,,,,CAFETAL,,548,,,
Canela en Polvo BADIA x 1.81 Kg.,81.99,,Insumos,Abarrotes,Especias,Polvo,1.81,KG,,BADIA,,519,,,
Canela en Polvo BADIA x 453.60gr,23.09,,Insumos,Abarrotes,Especias,Polvo,0.4536,KG,,BADIA,,51,,,
Canela en Polvo x Kg,80,Mareguthis,Insumos,Abarrotes,Especias,Polvo,1,KG,,GRANEL,,454,,,
Canela en raja x xx K.g.,6,INVERSIONES 1540 S.A.C.,Insumos,Abarrotes,Especias,Raja,,,,,,842,,,
Canela Molida Kariño,9.1,,Insumos,Abarrotes,Especias,Polvo,,,,KARIÑO,,518,,,
Cashu x kg,50,,Insumos,FrutosS,Nueces,Cashew,,,,,,634,,,
Cebolla Roja x Kg.,3.3,SUPERMERCADOSPERUANOS S.A,Insumos,Verduras,Cebolla,Roja,1,KG,,,,757,,,
Cebolla Roja x Malla [2.5 kg],3.8,MAKRO SUPERMAYORISTA S.A.,Insumos,Verduras,Cebolla,Roja,2.5,KG,Unitario,,,889,,,
Champiñones Picados Bells x 200gr,5.3,COMPAÑÍA FOOD RETAIL S.A.C,Insumos,Verduras,Champiñones,Picado,0.2,KG,,,,856,,,
Crema de Leche LA MESA x 946 ml,14.49,,Insumos,Lacteos,Crema,946 Ml,0.946,LT,,LA MESA,,81,,,
Chips de Chocolate Semi Amargo ,45.09,,Insumos,Chocolateria,Chips,,1,KG,,,,55,,,
Chocochips Fleischmann x 2.1kg,49,MAKRO SUPERMAYORISTA S.A.,Insumos,Chocolateria,Chips,2.1kg,2.1,KG,,Fleischmann,,683,,,
Chocochip ROMEX x 1 KG.,29,INVERSIONES 1540 S.A.C.,Insumos,Chocolateria,Chips,1 Kg,1,KG,,ROMEX,,,,,
Chocochips NEGUSA x kg.,25,,Insumos,Chocolateria,Chips,1 kg,1,KG,,NEGUSA,,57,,,
"Chocolate Instantaneo ""Sol del Cuzco"" x 90gr",2.9,,Insumos,Chocolateria,Instantaneo,Clavo y Canelo,0.09,KG,Unitario,Sol del Cuzco,,651,,,
Clavo de Olor Entero x kg.,80,INVERSIONES 1540 S.A.C,Insumos,FrutosS,Frutos,Clavo,1,KG,,,,864,,,
Crema de Leche LAIVE x 946 ml,16.5,,Insumos,Lacteos,Crema,946 Ml,0.946,LT,,LAIVE,,82,,,
Cobertura Bitter 60% x 1 kg.,38,MONTE PALOMO S.A.C.,Insumos,Chocolateria,Cobertura,Bitter,1,KG,Unitario,Monte Palomo,,835,,,
Cobertura Blanca Especial x 1kg.,16.2,ROCOPLAST S.A.C,Insumos,Chocolateria,Cobertura,Blanca,1,KG,Unitaria,¿?,,,,,
Cobertura Blanca Goolbitt x 1 Kg.,18,ROCOPLAST S.A.C,Insumos,Chocolateria,Cobertura,Blanca,1,KG,Unitaria,Goolbitt,,846,,,
Cobertura Blanca Negusa x 100 gr,2,,Insumos,Chocolateria,Cobertura,Blanca,0.1,KG,Unitaria,NEGUSA,,600,,,
Cobertura Blanca ROMEX x 1 und,18,MAYERLI,Insumos,Chocolateria,Cobertura,Blanca,1,UND,,,,,,,
Cobertura Blanca Winters x XXgr,,,Insumos,Chocolateria,Cobertura,Blanca,1,KG,,WINTER,,813,,,
Cobertura Di Perugia Bitter x 1 Kg.,34.9988,,Insumos,Chocolateria,Cobertura,Bitter,1,KG,Unitaria,Di Perugia,,65,,,
Cobertura Di Perugia Bitter x 300 gr.,11.99,,Insumos,Chocolateria,Cobertura,Bitter,0.3,KG,Unitaria,Di Perugia,,66,,,
Cobertura Cordillera Chocolate a 53% x 1 kg.,70.9,MAKRO SUPERMAYORISTA S.A.,Insumos,Chocolateria,Cobertura,Bitter,1,KG,Unitaria,Cordillera,,,,,
Cobertura Roja NEGUSA x 100 gr,1.6,ROCOPLAST S.A.C,Insumos,Chocolateria,Cobertura,Roja,0.1,KG,Unitaria,NEGUSA,,461,,,
Cobertura Selva Alta Bitter x 1 Kg.,32.0004,INSUMOS SELVA ALTA E.I.R.L,Insumos,Chocolateria,Cobertura,Bitter,1,KG,Unitaria,Selva Alta,,67,,,
Cobertura Selva Alta Leche x 1 Kg.,37,INSUMOS SELVA ALTA E.I.R.L,Insumos,Chocolateria,Cobertura,Leche,1,KG,Unitaria,Selva Alta,,780,,,
Coco Rallado GRANEL x 1 kg.,20,,Insumos,FrutosS,Nueces,Coco R,1,KG,,,,68,,,
Cocoa ARO x 1kg.,22.49,MAKRO,Insumos,Chocolateria,Cocoa,1 Kg,1,KG,Unitaria,ARO,,69,,,
Cocoa ARO x 5kg.,102.39,,Insumos,Chocolateria,Cocoa,5 KG,5,KG,,ARO,,886,,,
Cocoa POTASADA DP x 1 kg.,15.989,DI Perugia,Insumos,Chocolateria,Cocoa,1 Kg,1,KG,Unitaria,Di Perugia,,70,,,
Cocoa POTASADA SA x 1 kg.,19.9998,SELVA ALTA,Insumos,Chocolateria,Cocoa,1 Kg,1,KG,Unitaria,Selva Alta,,71,,,
Cocoa WINTERS Repostera x 1 Kg.,27.99,,Insumos,Chocolateria,Cocoa,1 Kg,1,KG,Unitaria,WINTERS,,72,,,
Colapiz,60,,Insumos,Abarrotes,Varios,Colapiz,1,KG,,,,527,,,
Colita de Cuadril TNZ x Kg,37.98,,Insumos,Carnes,Cuadril,Colita,1,KG,,TNZ,,73,,,
Tapita de Cuadril TNZ x kg.,42.99,,Insumos,Carnes,Cuadril,Tapita,1,KG,,TNZ,,,,,
Colita de Cuadril x Kg,45.9,,Insumos,Carnes,Cuadril,Colita,1,KG,,WONG,,74,,,
Colita Ternera x Kg,55.9,SUPERMERCADOS PERUANOS S.A,Insumos,Carnes,Ternera,,1,KG,,,,75,,,
Crema de Leche UHT,14.9,,Insumos,Lacteos,Crema,946 Ml,0.946,LT,,,,83,,,
Crema Leche,15.9,,Insumos,Lacteos,Crema,946 Ml,0.946,LT,,,,84,,,
Escencia de Vainilla NEGRITA x 1lt,7.99,,Insumos,Abarrotes,Especias,Vainilla Escencia,1,LT,,NEGRITA,,110,,,
EVP GLO ENTE - Gloria x 6 und,19.5,,Insumos,Lacteos,Evaporada,Entera,3,LT,,GLORIA,,689,,,
MAS CREAM x 1Lt. - Crema Chantilly Vegetal -,16,ROCOPLAST S.A.C,Insumos,Decoracion,Frosting,Vegetal,1,LT,,,,,,,
Leche LAIVE s/lactosa x 6 x 350gr,20.1,,Insumos,Lacteos,Evaporada,Slactosa,2.1,LT,,LAIVE,,500,,,
Nacar Star Chemical Dorado,5,,Insumos,Decoracion,Colorantes,Nacarado,1,und,,Star Chemical,,569,,,
Nacar Star Chemical Plateado,5,,Insumos,Decoracion,Colorantes,Nacarado,1,und,,Star Chemical,,568,,,
Leche UHT sin/lactosa GLORIA x 12und x 946ml,39.85,,Insumos,Lacteos,UHT,Slactosa,11.35,Lt,,GLORIA,,202,,,
Laive Leche de Almendras UHT Bio x 800 ml,6.5,MAKRO SUPERMAYORISTAS S.A.,Insumos,Lacteos,UHT,Almendras,0.8,Lt,,Laive,,,,,
Duraznos al Jugo,8.5,,Insumos,Decoracion,Duraznos al Jugo,,,,,,,91,,,
Rosas,,,Insumos,Decoracion,Flores,Rosas,,,,,,631,,,
Goma Tragacanto x 1 Kg.,4.5,,Insumos,Decoracion,Fondant,Tragacanto,1,KG,,,,705,,,
Goma Tragacanto x 1 und,7,,Insumos,Decoracion,Fondant,Tragacanto,1,UND,,,,142,,,
Cream Cheese ,8.29,,Insumos,Lacteos,Quesos,Crema,1,UND,,,,78,,,
Mez Lact Ent LAI 6,14.99,,Insumos,Lacteos,Evaporada,Entera,3,LT,,LAIVE,,234,,,
Mezcla BONLE Entera x 6 x 500ml,17.5,,Insumos,Lacteos,Evaporada,Entera,3,LT,,BONLE,,474,,,
Mezcla BONLE s/lactosa x 6 und,15.6,,Insumos,Lacteos,Evaporada,Slactosa,3,LT,,BONLE,,29,,,
Mezcla LAIVE Entera x 6 x 500ml,15.39,,Insumos,Lacteos,Evaporada,Entera,3,LT,,LAIVE,,235,,,
Mezcla LAIVE S/lactosa x 6 x 500ml,21.5,,Insumos,Lacteos,Evaporada,Slactosa,3,LT,,LAIVE,,475,,,
Ron FLOR DE CAÑA 5 Años x 1 und,50,,Insumos,Licores,Ron Rubio,5 años,0.75,Lt,Unitario,,,591,,,
Cremor Tartaro,6.5,,Insumos,Abarrotes,Varios,Estabilizante,0.1,KG,,,,85,,,
Cremor Tartaro x 100 gr,4.2,ROCOPLAST S.A.C,Insumos,Abarrotes,Varios,Estabilizante,0.1,KG,,,,892,,,
Masa Elastica x 1 kg.,10.5,,Insumos,Decoracion,Fondant,Masa Elastica,1,KG,,,,716,,,
Masa Elastica x 1 kg.,11.5,,Insumos,Decoracion,Fondant,Masa Elastica,1,KG,,,,229,,,
Descuento - Insumos,,,Insumos,Descuento,,,,,,,,88,,,
Masa Fondant  Roja x 0.5 Kg.,6.5,ROCOPLAST S.A.C,Insumos,Decoracion,Fondant,Roja,0.5,KG,,,,427,,,
Masa Fondant  Roja x 1 Kg.,12,ROCOPLAST S.A.C,Insumos,Decoracion,Fondant,Roja,1,KG,,,,477,,,
Duraznos Bells x 820gr,8.5,COMPAÑÍA FOOD RETAIL S.A.C.,Insumos,Abarrotes,Varios,Conservas,0.82,KG,,Bells,,882,,,
Duraznos en Almibar x 820gr [Arica],9.1,MAKRO SUPERMAYORISTA S.A.,Insumos,Abarrotes,Varios,Conservas,0.82,KG,,ARICA,,888,,,
Duraznos enlatados Bells x xxxgr,8.4,SUPERMERCADOS PERUANOS S.A,Insumos,Abarrotes,Varios,Conservas,1,UND,,Bells,,764,,,
Empanaditas de Carne x 100 und,70,,Insumos,Panaderia,Bocaditos,Empanaditas,100,UND,,,,725,,,
SINLAC 6PK - Gloria,22.8,,Insumos,Lacteos,Evaporada,Slactosa,3,LT,,GLORIA,,688,,,
Espinaca Bells x 350gr,5.9,SUPERMERCADOSPERUANOS S.A,Insumos,Verduras,Espinaca,,0.35,KG,,Bells,,756,,,
Vinagre Balsamico x 500ml,,,Insumos,Abarrotes,Vinagre,Balsamico,0.5,LT,,Huerto Alamein,,740,,,
Masa Fondant Amarillo x 0.5 Kg.,6.5,ROCOPLAST S.A.C,Insumos,Decoracion,Fondant,Amarillo,0.5,KG,,,,430,,,
Flores para decoracion,50,,Insumos,Eventos,Floreria,,,,,,,844,,,
Frambuesa Entera x 0.5 kg.,15.9,EL FRUTERO,Insumos,Congelados,Fruta,Frambuesa,0.5,KG,Unitaria,EL FRUTERO,,471,,,
Frambuesas x 250gr SIE,26.99,,Insumos,Frutas,Frambuesas,250 gr,0.25,KG,Bandeja,SIEMBRA,,645,,,
Frambuesas x 350gr BP,,,Insumos,Frutas,Frambuesas,350 gr,0.35,KG,Bandeja,,,809,,,
Frambuesas x 125 gr,12.49,CENCOSUD RETAIL PERU S.A.,Insumos,Frutas,Frambuesas,125 gr,0.125,KG,Bandeja,,,,,,
Francesito (Don Mamino),0.3,GRUPO ONCE S.A.C.,Insumos,Panaderia,Minis,Francesitos,1,UND,,,,122,,,
Fresa Congelada x x Kg. DEL ANDE,9.99,MAKRO SUPERMAYORISTA S.A.,Insumos,Congelados,Fruta,Fresa,1,KG,Unitaria,DEL ANDE,,786,,,
Fresa Entera bandeja x 800 gr,,,Insumos,Frutas,Fresas,Bandeja,0.8,KG,Bandeja,,,810,,,
Fresa Entera x 1 kg.,8.48,EL FRUTERO,Insumos,Congelados,Fruta,Fresa,1,KG,Unitaria,EL FRUTERO,,123,,,
Fresa Entera x 1/2kg. LA FLORENCIA,8.99,,Insumos,Frutas,Fresas,Bandeja,0.5,KG,Bandeja,LA FLORENCIA,,124,,,
Fresa Entera x BANDEJA x kg.,6.99,,Insumos,Frutas,Fresas,Bandeja,1,KG,BANDEJA,,,499,,,
Fresa x kg,,,Insumos,Frutas,Fresas,x Kg.,1,KG,,,,632,,,
Fresas + Aguaymantos x 200 gr,6,,Insumos,Frutas,Envasado,200 gr,0.2,KG,Bandeja,,,603,,,
Fresas Empacadas x 0.5 kg.,9.5,TOTTUS,Insumos,Frutas,Fresas,Bandeja,0.5,KG,,,,481,,,
Fresas Organicas Empacadas x 550 gr,12.99,,Insumos,Frutas,Fresas,Organicas,0.55,KG,,,,493,,,
"Fresas, Arandanos y Frambuesas x 1 kg.",20.9,EL FRUTERO,Insumos,Congelados,Fruta,Frutos Rojos,1,KG,Unitaria,EL FRUTERO,,868,,,
Masa Fondant Amarillo x 1 Kg.,12.2,ROCOPLAST S.A.C,Insumos,Decoracion,Fondant,Amarillo,1,KG,,,,847,,,
Galleta Salada Bells x 276 gr.,3.4,COMPAÑÍA FOOD RETAIL S.A.C.,Insumos,Abarrotes,Galletas,Saladas,0.276,Kg,,BELLS,,855,,,
Galleta SAN JORGE Vainilla x tubo,1.5,,Insumos,Abarrotes,Galletas,Vainilla,1,UND,,SAN JORGE,,129,,,
Masa Fondant Azul x 0.5 Kg.,6.5,ROCOPLAST S.A.C,Insumos,Decoracion,Fondant,Azul,0.5,KG,,,,428,,,
Galletas FIELD de vainilla x6und x 222gr,4,,Insumos,Abarrotes,Galletas,Vainilla,1.332,KG,,FIELD,,,,,
Barquillo Dulce x 12 und,3,ROCOPLAST S.A.C,Insumos,Abarrotes,Galletas,Vainilla,12,UND,,,,,,,
Galletas FIELD de vainilla x6und x 37gr,4,,Insumos,Abarrotes,Galletas,Vainilla,0.222,KG,,FIELD,,130,,,
Galletas Saladas San Jorge x 276gr,3.6,COMPAÑÍA FOOD RETAIL S.A.C.,Insumos,Abarrotes,Galletas,Saladas,0.276,KG,,SAN JORGE,,854,,,
Gastos Varios (MA) - Fruta,,,Insumos,Frutas,Varios,,,,,,,542,,,
Gastos Varios (MA) - Insumos,,,Insumos,Gastos Varios,,,,,,,,139,,,
Gindones x kg,32,,Insumos,FrutosS,Frutos,Guindones,1,KG,,,,633,,,
Masa Fondant Azul x 1 Kg.,12,ROCOPLAST S.A.C,Insumos,Decoracion,Fondant,Azul,1,KG,,,,561,,,
Glucomiel SPITZE x 0.500 Kg,14,COMPAÑÍA FOOD RETAIL S.A.C,Insumos,Abarrotes,Mieles,Glucomiel,0.5,KG,,SPITZE,,567,,,
Glucosa Fratelo [1/4],7,INVERSIONES 1540 S.A.C.,Insumos,Abarrotes,Mieles,Glucosa,0.25,KG,,FRATELO,,878,,,
Masa Fondant Blanca x 1 Kg.,11,ROCOPLAST S.A.C,Insumos,Decoracion,Fondant,Blanco,1,KG,,,,426,,,
Masa Fondant Celeste Bebe x 1/2 Kg.,6.5,ROCOPLAST S.A.C,Insumos,Decoracion,Fondant,Celeste,0.5,KG,,,,772,,,
Masa Fondant Celeste x 1 Kg.,12,ROCOPLAST S.A.C,Insumos,Decoracion,Fondant,Celeste,1,KG,,,,478,,,
Masa Fondant Lila x 1 Kg.,12.2,ROCOPLAST S.A.C,Insumos,Decoracion,Fondant,Lila,1,KG,,,,636,,,
Masa Fondant Marron x 0.5 Kg.,6.5,,Insumos,Decoracion,Fondant,Marron,0.5,KG,,,,706,,,
Masa Fondant Marron x 1 Kg.,12.2,ROCOPLAST S.A.C,Insumos,Decoracion,Fondant,Marron,1,KG,,,,820,,,
Masa Fondant Melonx 0.5 Kg.,7,ROCOPLAST S.A.C,Insumos,Decoracion,Fondant,Melon,0.5,KG,,,,845,,,
Masa Fondant Naranaja x 0.5 Kg.,6.5,ROCOPLAST S.A.C,Insumos,Decoracion,Fondant,Naranaja,0.5,KG,,,,524,,,
Masa Fondant Negro x 0.5 Kg.,6.5,ROCOPLAST S.A.C,Insumos,Decoracion,Fondant,Negra,0.5,KG,,,,429,,,
Masa Fondant Negro x 1 Kg.,12.2,ROCOPLAST S.A.C,Insumos,Decoracion,Fondant,Negra,1,KG,,,,784,,,
Masa Fondant Plateado x 1/2 Kg.,6.5,ROCOPLAST S.A.C,Insumos,Decoracion,Fondant,Plateado,0.5,KG,,,,508,,,
Masa Fondant Rosado Pastel x 1 Kg.,12,ROCOPLAST S.A.C,Insumos,Decoracion,Fondant,Rosado Pastel,1,KG,,,,849,,,
Masa Fondant Turquesa x 0.5 Kg.,7,ROCOPLAST S.A.C,Insumos,Decoracion,Fondant,Turquesa,0.5,KG,,,,839,,,
Masa Fondant Verde Limon x 0.5 Kg.,6.5,ROCOPLAST S.A.C,Insumos,Decoracion,Fondant,Verde Limon,0.5,KG,,,,637,,,
Masa Fondant x 0.5 Kg.,7.5,,Insumos,Decoracion,Fondant,Blanco,0.5,KG,0.5 Kg.,,,230,,,
Masa Fondant x 1 kg.,13,,Insumos,Decoracion,Fondant,Blanco,1,KG,,,,231,,,
Merengue en Polvo x 0.5 Kg.,12,,Insumos,Decoracion,Fondant,Merengue Power,0.5,KG,,,,232,,,
Pasta de Goma x 1 kg.,13,ROCOPLAST S.A.C,Insumos,Decoracion,Fondant,Pasta de Goma,1,KG,,,,862,,,
Vinagre Balsamico x 250ml,,,Insumos,Abarrotes,Vinagre,Balsamico,0.25,LT,,,,,,,
"Globo Helio ""Feliz Cumpleaños""",8.26,CUBO MAGICO,Insumos,Decoracion,Globos,HELIO,1,UND,Unitaria,,,141,,,
Ambosoli Africamellows x 52gr,1.8,COESTI,Insumos,Decoracion,Golosinas,Mashmallows,0.052,KG,,AMBROSOLI,,459,,,
Marshmellows Tropical 255g,13.1,CENCOSUD RETAIL PERU S.A.,Insumos,Decoracion,Golosinas,Mashmallows,0.255,KG,,,,,,,
Cua Cua FIELD MINI x 42gr,1.8,,Insumos,Decoracion,Golosinas,Chocolates,0.042,KG,,,,697,,,
Cua Cua FIELD x 24 gr,0.9,,Insumos,Decoracion,Golosinas,Chocolates,1,UND,,,,604,,,
Doña Pepa FIELD x 23gr,0.9,,Insumos,Decoracion,Golosinas,Chocolates,0.023,KG,,,,593,,,
Ferrero Rocher 3 und x 37gr,6.8,,Insumos,Decoracion,Golosinas,Chocolates,3,UND,,,,595,,,
Fruta Confitada NACIONAL x Kg.,12,,Insumos,Decoracion,Golosinas,Fruta Confitada,1,KG,,,,125,,,
Galletas Cancun x 44gr,0.9,,Insumos,Decoracion,Golosinas,Galletas,0.044,KG,,,,615,,,
"Golosinas varias, detalle en factura",,COESTI,Insumos,Decoracion,Golosinas,Varias,1,UND,,,,890,,,
Gomitas Acidas x 1 Kg.,24,D'Robles,Insumos,Decoracion,Golosinas,Gomitas,1,KG,,,,143,,,
Gomitas Ambrosia x 1kg,32,ROCOPLAST S.A.C,Insumos,Decoracion,Golosinas,Gomitas,1,KG,,,,669,,,
Gomitas Ambrosia x 240 gr,2.75,,Insumos,Decoracion,Golosinas,Gomitas,0.24,KG,,,,144,,,
Gomitas Ambrosia x 36gr,1.2,COESTI,Insumos,Decoracion,Golosinas,Gomitas,0.036,KG,,,,457,,,
Gomitas Ambrosito x 100 gr,3.1,TOTTUS,Insumos,Decoracion,Golosinas,Gomitas,0.1,KG,,Ambrosoli,,490,,,
Gomitas Ambrosito x 25gr,1.2,COESTI,Insumos,Decoracion,Golosinas,Gomitas,0.025,KG,,Ambrosoli,,467,,,
Guindones sin pepa -Villa Natura-,8.39,,Insumos,FrutosS,Empacados,,,,,,,162,,,
Harina BLANCA FLOR S/P x 1kg.,8,,Insumos,Harina,Spreparar,1 Kg,1,KG,,Blanca Flor,,163,,,
Harina Pastelera GRANEL x 1 kg,3.2,ROCOPLAST,Insumos,Harina,Industrial,1 Kg,1,KG,,,,618,,,
Harina Premium Nicolini x 1 Kg. [GRANEL],4,ROCOPLAST,Insumos,Harina,Industrial,1 Kg,1,KG,,NICOLINI,,,,,
Harina Pastelera Nicolini x 50 kg,112.19,,Insumos,Harina,Industrial,50 kg.,50,KG,,NICOLINI,,164,,,
Harina Premium Nicolini x 50 kg.,130.26,,Insumos,Harina,Industrial,50 kg.,50,KG,,NICOLINI,,553,,,
Harina Preparada BLANCA FLOR x 1 kg.,6.99,,Insumos,Harina,Preparada,1 Kg,1,KG,,BLANCA FLOR,,564,,,
Harina Preparada FAVORITA x 6 x 1kg,30.99,,Insumos,Harina,Preparada,6 x 1 Kg,6,KG,,FAVORITA,,165,,,
Harina Preparada GRANO DE ORO x 1 kg.,5.3,,Insumos,Harina,Preparada,1 Kg,1,KG,,GRANO DE ORO,,169,,,
Harina Preparada MOLITALIA x 1 Kg.,5.99,,Insumos,Harina,Preparada,1 Kg,1,KG,,MOLITALIA,,166,,,
Harina preparada MOLITALIA x 6 x 1kg,21.71,,Insumos,Harina,Preparada,6 x 1 Kg,6,KG,,MOLITALIA,,167,,,
Harina Preparada NICOLINI (Granel) x 1 Kg.,4,,Insumos,Harina,Preparada,1 Kg,1,KG,,NICOLINI,,168,,,
Harina Preparada NICOLINI x 1 kg.,3.8,,Insumos,Harina,Preparada,1 Kg,1,KG,,,,510,,,
Harina S/Preparar FAVORITA x 1kg,27.69,,Insumos,Harina,Spreparar,1 Kg,1,KG,,FAVORITA,,170,,,
Harina S/Preparar FAVORITA x 6 x 1kg,24.79,,Insumos,Harina,Spreparar,6 x 1 Kg,6,KG,,FAVORITA,,171,,,
Harina S/Preparar GRANEL x 1 kg.,3.5,,Insumos,Harina,Spreparar,1 Kg,1,KG,,GRANEL,,172,,,
Harina S/Preparar MOLITALIA 6 x 1Kg.,19.8,43865,Insumos,Harina,Spreparar,6 x 1 Kg,6,KG,,MOLITALIA,,173,,,
Harina S/Preparar MOLITALIA x 1kg,3.15,,Insumos,Harina,Spreparar,1 Kg,1,KG,,MOLITALIA,,174,,,
Harina S/Preparar NICOLINI x 1 kg.,4.7,,Insumos,Harina,Spreparar,1 Kg,1,KG,,,,509,,,
Higos Secos x kg.,16.52,,Insumos,FrutosS,Frutos,Higos,1,KG,,,,621,,,
Huevo Rosado ARO x 180und,45.89,MAKRO,Insumos,Huevos,Rosados,180 und,180,UND,180,ARO,,176,,,
Huevo Rosado ARO x 60und,32.5,MAKRO,Insumos,Huevos,Rosados,60 und,60,UND,,ARO,,821,,,
Huevo Rosado ARO x 90und,39,MAKRO,Insumos,Huevos,Rosados,90 und,90,UND,,ARO,,732,,,
Huevos Codorniz Tottus x 24 und,7.2,Hipermercado Tottus S.A.,Insumos,Huevos,Codorniz,24 und,24,UND,,TOTTUS,,718,,,
Huevos Pardos Bells x 30 und,14.2,SUPERMERCADOS PERUANOS S.A,Insumos,Huevos,Pardos,30 und,30,UND,,LA CALERA,,758,,,
Huevos pardos De Corral LA CALERA x 30 und,16.69,,Insumos,Huevos,Corral,30 und,30,UND,,LA CALERA,,177,,,
Huevos pardos GRANEL x 1 kg.,7.3333,,Insumos,Huevos,Pardos,x Kg.,1,Kg,,GRANEL,,178,,,
Huevos pardos GRANEL x 30 und,14.6674,Maregruthis,Insumos,Huevos,Pardos,30 und,30,UND,,GRANEL,,485,,,
Huevos pardos LA CALERA x 15 und,8.9,,Insumos,Huevos,Pardos,15 und,15,UND,,LA CALERA,,179,,,
Huevos pardos LA CALERA x 30 und,13.5,Plaza Vea,Insumos,Huevos,Pardos,30 und,30,UND,,LA CALERA,,419,,,
Huevos pardos METRO x 30 und,14.69,,Insumos,Huevos,Pardos,30 und,30,UND,,METRO,,719,,,
Huevos pardos TOTTUS x 30 und,13.2,TOTTUS,Insumos,Huevos,Pardos,30 und,30,UND,,TOTTUS,,574,,,
Huevos pardos WONG x 15 und,6.75,,Insumos,Huevos,Pardos,15 und,15,UND,,WONG,,180,,,
Gomitas Ambrosoli Dientes x XXgr.,,,Insumos,Decoracion,Golosinas,Gomitas,,,,Ambrosoli,,795,,,
Gomitas de Menta,20,,Insumos,Decoracion,Golosinas,Gomitas,1,KG,,,,145,,,
Gomitas Mentas x 1 Kg.,20,,Insumos,Decoracion,Golosinas,Gomitas,1,KG,,,,146,,,
Gomitas Trululu x 1 kg.,24,,Insumos,Decoracion,Golosinas,Gomitas,1,KG,,,,147,,,
Jamon Ahumado Bells x kg.,58.2,,Insumos,Carnes,Embutidos,Jamon,1,KG,,,,738,,,
Jamon Americano Suiza x 0.5kg,5.79,SUPERMERCADOS PERUANOS S.A,Insumos,Carnes,Embutidos,Jamon,0.5,KG,,,,761,,,
Jamon Butifa Casa Europa x Kg.,68.5,,Insumos,Eventos,Embutidos,,1,KG,,,,187,,,
Jamon Butifarra x kg.,75.901,COMPAÑÍA FOOD RETAIL S.A.C,Insumos,Carnes,Embutidos,Jamon,1,KG,,,,853,,,
Jamon Crocante Casa Europa x kg,77.4,COMPAÑÍA FOOD RETAIL S.A.C,Insumos,Carnes,Embutidos,Jamon,1,KG,,CASA EUROPA,,852,,,
Jamon del Pais Braedt,67,,Insumos,Eventos,Embutidos,,1,KG,,,,188,,,
Jamon Pizerro BREADT x 500gr,9.89,,Insumos,Eventos,Embutidos,,0.5,KG,,,,189,,,
Jengibre en Polvo Badia,8.9,,Insumos,Abarrotes,Especias,Jengibre en Polvo,1,UND,,BADIA,,190,,,
Jengibre en Polvo x 42.5gr BADIA,9.1,,Insumos,Abarrotes,Especias,Jengibre en Polvo,0.0425,KG,,BADIA,,660,,,
Gomitas Variadas,30,PAMELA,Insumos,Decoracion,Golosinas,Gomitas,1,KG,,,,148,,,
La Danesa x 2 kg.,19.49,,Insumos,Lacteos,Margarina,2 Kg,2,KG,,LA DANESA,,415,,,
La Danesa x 500gr x 1 und,6.79,,Insumos,Lacteos,Margarina,0.5 kg,0.5,KG,Unitario,LA DANESA,,642,,,
La Danesa x 500gr x 20 und,99.8,,Insumos,Lacteos,Margarina,0.5 Kg,10,KG,,LA DANESA,,565,,,
Leche ANCHOR en polvo 6 und. x 96gr.,18.59,,Insumos,Lacteos,Polvo,6 x 96gr,6,UND,SIX,ANCHOR,,194,,,
Leche ANCHOR en polvo x 800gr,32.85,CENCOSUD RETAIL PERU S.A.,Insumos,Lacteos,Polvo,Lata,0.8,KG,UNITARIO,ANCHOR,,782,,,
Leche ANCHOR en polvo x 96gr.,3.2,,Insumos,Lacteos,Polvo,96 gr,1,UND,UNITARIO,ANCHOR,,539,,,
Leche condensada BELLS x 1 x 393 gr,3.95,,Insumos,Lacteos,Condensada,393 gr,1,UND,,BELLS,,195,,,
Leche Condensada C&C x,4.9,Metro,Insumos,Lacteos,Condensada,397 gr,1,UND,Unitario,Cousine & Co.,,743,,,
Leche condensada Gloria DOY PACK x 1.200kg,13.5,ROCOPLAST S.A.C,Insumos,Lacteos,Condensada,1.200 Kg.,3,UND,Unitaria,GLORIA,,196,,,
Leche condensada GLORIA x 1 und x 393gr,4.5,,Insumos,Lacteos,Condensada,393 gr,1,UND,Unitaria,GLORIA,,197,,,
Leche condensada GLORIA x 24und x 393gr,89,,Insumos,Lacteos,Condensada,24 x 393 gr,24,UND,Caja,GLORIA,,198,,,
Leche Condensada NESTLE x 1 und x 393gr,4.29,,Insumos,Lacteos,Condensada,393 gr,1,UND,Unitaria,NESTLE,,199,,,
Leche condensada x 1 Kg. ,10.5,ROCOPLAST S.A.C,Insumos,Lacteos,Condensada,1 Kg,1,KG,Unitaria,,,200,,,
Leche GLORIA en polvo x 800gr,30.59,MAKRO SUPERMAYORISTA S.A.,Insumos,Lacteos,Polvo,800 gr,0.8,KG,LATA,GLORIA,,778,,,
Leche GLORIA en polvo x und,3.5,,Insumos,Lacteos,Polvo,96 gr,1,UND,UNITARIO,GLORIA,,460,,,
Vinagre Blanco ARO x 5 Lt.,7.09,,Insumos,Abarrotes,Vinagre,Blanco,5,LT,,ARO,,551,,,
Leche PURA VIDA en polvo 12und x 96gr,29.85,,Insumos,Lacteos,Polvo,12 x 96 gr,1.152,KG,CAJA,PURA VIDA,,201,,,
Vinagre Blanco x 1 lt.,5.2,,Insumos,Abarrotes,Vinagre,Blanco,1,LT,,,,520,,,
KitKat,2.95,LISTO,Insumos,Decoracion,Golosinas,Chocolates,1,und,,NESTLE,,455,,,
Lentejitas NESTLE x 32gr,1.5,,Insumos,Decoracion,Golosinas,Chocolates,0.032,KG,,,,592,,,
Levadura Seca Mauripan x 125 gr. -Masa Salada-,6.5,,Insumos,Leudantes,Seca,Salada - 125 gr,0.125,KG,,,,203,,,
Levadura Seca Mauripan x 500 gr. -Masa Dulce-,9.9,,Insumos,Leudantes,Seca,Dulce - 500 gr,0.5,KG,,,,204,,,
Limon super Verde malla x 2 kg.,10.4,,Insumos,Frutas,Limon,Malla x 2Kg.,2,KG,,,,205,,,
Limon Sutil x kg,2.89,,Insumos,Frutas,Limon,x Kg.,1,KG,,,,206,,,
Limon Sutil x Kg.,3.69,,Insumos,Verduras,Limon,,1,KG,,,,578,,,
Lentejitas x KG,30,,Insumos,Decoracion,Golosinas,Chocolates,1,KG,,,,605,,,
M&M CHOCOLATE x 47.9gr,4.9,COESTI,Insumos,Decoracion,Golosinas,Chocolates,0.0479,KG,,M&M,,469,,,
M&M PEANUT x 49.3 gr,4.9,COESTI,Insumos,Decoracion,Golosinas,Chocolates,0.0493,KG,,M&M,,468,,,
Maicena ARO x 1kg.,8.9,MAKRO SUPERMAYORISTA S.A.,Insumos,Harina,Maiz,1 Kg,1,KG,,ARO,,885,,,
Maicena ARO x 5kg,28.99,MAKRO,Insumos,Harina,Maiz,5 Kg.,5,KG,1,ARO,,208,,,
Maicena x Kg.,11,,Insumos,Harina,Maiz,1 Kg,1,KG,,GRANEL,,456,,,
Mani Boliviano x kg,16,Mareguthis,Insumos,FrutosS,Nueces,Mani B,1,KG,,,,453,,,
Mani Boliviano x Kg.,18,,Insumos,FrutosS,Nueces,Mani B,1,KG,,,,212,,,
Mani Nacional x 1 kg.,12,Mareguthis,Insumos,FrutosS,Nueces,Mani N,1,KG,,,,486,,,
Mani salado x 1 kg.,20,,Insumos,FrutosS,Nueces,Mani S,1,KG,,,,213,,,
Mani Salado x 0.5 kg,10.9,MAKRO SUPERMAYORISTA S.A.,Insumos,FrutosS,Nueces,Mani S,0.5,KG,,RASIL,,,,,
Mani salado x 1 kg. - Lince,14,LINCE,Insumos,FrutosS,Nueces,Partido,1,KG,,,,214,,,
Manjar Especial x 1 kg.,13.5,,Insumos,Lacteos,Manjarblanco,1 Kg,1,KG,,,,215,,,
Manjar NESTLE x 1kg,13.99,,Insumos,Lacteos,Manjarblanco,1 Kg,1,KG,,NESTLE,,216,,,
Manjar NESTLE x 5kg,62.99,,Insumos,Lacteos,Manjarblanco,5 kg,5,KG,,NESTLE,,606,,,
Manjarblanco Bells x 1kg.,10.4,,Insumos,Lacteos,Manjarblanco,1 Kg,1,KG,,BELLS,,652,,,
Manjarblanco BONLE x 0.5kg.,10.5,DYUSPA MAKIN S.A.C.,Insumos,Lacteos,Manjarblanco,0.5 Kg,0.5,KG,,BONLE,,781,,,
Manjarblanco BONLE x 1kg.,13.5,,Insumos,Lacteos,Manjarblanco,1 Kg,1,KG,,BONLE,,217,,,
Manjarblanco BONLE x 1kg. - ROCO,12.5,ROCOPLAST S.A.C,Insumos,Lacteos,Manjarblanco,1 Kg,1,KG,,BONLE,,218,,,
Manteca Hidrogenada Fratello x 100gr,5.2,,Insumos,Abarrotes,Grasa,Hidrogenada,0.1,KG,,Fratello,,735,,,
Manteca Tropical,2.5,,Insumos,Abarrotes,Grasa,Manteca Vegetal,,,,TROPICAL,,473,,,
Manteca Tropical x 1 kg,8.99,,Insumos,Abarrotes,Grasa,Manteca Vegetal,1,KG,,TROPICAL,,552,,,
Manteca Vegetal FAMOSA x 1 kg.,10.8,ROCOPLAST S.A.C.,Insumos,Abarrotes,Grasa,Manteca Vegetal,1,KG,,FAMOSA,,891,,,
Mantequilla con sal DANLAC x 180 gr,13.41,WONG,Insumos,Lacteos,Mantequilla,Sal,0.18,KG,,DANLAC,,616,,,
Mantequilla GLORIA con SAL x pote 400gr,14.8,,Insumos,Lacteos,Mantequilla,Sal,0.4,KG,,GLORIA,,219,,,
Mantequilla GLORIA SIN SAL x 200 gr.,7.39,,Insumos,Lacteos,Mantequilla,Ssal,0.2,KG,,GLORIA,,220,,,
Mantequilla LAIVE sin sal x 200 gr,8.99,WONG,Insumos,Lacteos,Mantequilla,Ssal,0.4,KG,,LAIVE,,617,,,
Mantequilla SWISS con Sal x 200gr,3.99,,Insumos,Lacteos,Mantequilla,Sal,0.2,KG,,SWISS,,744,,,
Manzana Delicia EXT x kg.,3.19,,Insumos,Frutas,Manzana,Delicia,1,KG,,,,221,,,
Manzana Delicia x kg.,3.99,,Insumos,Frutas,Manzana,Delicia,1,KG,,,,222,,,
Manzana Nacional x kg.,6.49,,Insumos,Frutas,Manzana,Nacional,1,KG,,,,223,,,
Manzana para Agua x kg.,3.99,,Insumos,Frutas,Manzana,Agua,1,KG,,,,224,,,
Manzana RAY x kg.,5.49,,Insumos,Frutas,Manzana,,1,KG,,,,225,,,
Manzana Roja GALA x 1 kg.,6.99,,Insumos,Frutas,Manzana,Roja,1,KG,,,,226,,,
Manzana Verde IMPORTADA x kg.,5.99,,Insumos,Frutas,Manzana,Verde Importada,1,KG,,,,227,,,
Manzana Verde para Horno x kg,5.49,,Insumos,Frutas,Manzana,Verde Horno,1,KG,,,,228,,,
Maracuya x kg.,4.49,,Insumos,Frutas,Maracuya,,1,KG,,,,492,,,
Margarina PRIMAVERA x 2 KG,21.99,SUPERMERCADOS PERUANOS S.A.,Insumos,Lacteos,Margarina,2 Kg,2,KG,Unitaria,PRIMAVERA,,533,,,
Millows Marshmallows surtidos,4.2,TOTTUS,Insumos,Decoracion,Golosinas,Mashmallows,,,,,,491,,,
Oreo Chocolate x 36gr,1,,Insumos,Decoracion,Golosinas,Galletas,0.036,KG,,,,696,,,
Oreo Minis x 54gr,1.8,,Insumos,Decoracion,Golosinas,Galletas,0.054,KG,,,,699,,,
Pasas con Chocolate x 1 Kg.,35.33,,Insumos,Decoracion,Golosinas,Chocolates,1,KG,,,,268,,,
Picaras Winter Mini x Xgr,1.7,,Insumos,Decoracion,Golosinas,Galletas,,KG,,,,700,,,
Travesuras FIELD x 50gr,1.9,,Insumos,Decoracion,Golosinas,Galletas,0.05,KG,,,,698,,,
Trolli Bears x 50gr,3,COESTI,Insumos,Decoracion,Golosinas,Gomitas,0.05,KG,,Trolli,,458,,,
Burbujitas Confitadas x 1kg,28,ROCOPLAST S.A.C,Insumos,Decoracion,Grajeas,Burbujitas,1,KG,,,,672,,,
Chin-Chin mini Winters,26,ROCOPLAST S.A.C,Insumos,Decoracion,Grajeas,Chocolate,1,KG,,,,673,,,
Grajeas Bolitas Nacarado Lila x Kg.,18,ROCOPLAST S.A.C,Insumos,Decoracion,Grajeas,Bolitas,1,KG,Granel,ROCOPLAST,,149,,,
Grajeas Bolitas Nacarado Naranja x Kg.,18,ROCOPLAST S.A.C,Insumos,Decoracion,Grajeas,Bolitas,1,KG,Granel,ROCOPLAST,,150,,,
Grajeas Bolitas Nacarado Negro x Kg.,18,ROCOPLAST S.A.C,Insumos,Decoracion,Grajeas,Bolitas,1,KG,Granel,ROCOPLAST,,151,,,
Grajeas Bolitas Nacarado Rojo x Kg.,18,ROCOPLAST S.A.C,Insumos,Decoracion,Grajeas,1 Kg,1,KG,Granel,ROCOPLAST,,152,,,
Grajeas Bolitas Nacarado Rosado x Kg.,18,ROCOPLAST S.A.C,Insumos,Decoracion,Grajeas,Bolitas,1,KG,,ROCOPLAST,,153,,,
Grajeas Bolitas Nacarado Surtido x Kg.,18,ROCOPLAST S.A.C,Insumos,Decoracion,Grajeas,Bolitas,1,KG,Granel,ROCOPLAST,,154,,,
Grajeas Bolitas Nacarado Verde Limon x Kg.,18,ROCOPLAST S.A.C,Insumos,Decoracion,Grajeas,Bolitas,1,KG,Granel,ROCOPLAST,,155,,,
Grajeas Bolitas Nacarado x Kg.,18,ROCOPLAST S.A.C,Insumos,Decoracion,Grajeas,Bolitas,1,KG,,ROCOPLAST,,439,,,
Grajeas Bolitas Plateado x Kg.,28,ROCOPLAST S.A.C,Insumos,Decoracion,Grajeas,Bolitas,1,KG,,ROCOPLAST,,440,,,
Grajeas Dorado Perlado Chico x Kg,7.6,ROCOPLAST S.A.C,Insumos,Decoracion,Grajeas,Perlas,1,KG,Granel,,,649,,,
Grajeas Dorado Perlado x Kg,12,ROCOPLAST S.A.C,Insumos,Decoracion,Grajeas,Perlas,1,KG,Granel,,,680,,,
Grajeas Navidad 2021 x Kg.,64,ROCOPLAST S.A.C,Insumos,Decoracion,Grajeas,Navideñas,1,KG,Granel,,,661,,,
Grajeas Palitos surtidos x Kg.,22,ROCOPLAST S.A.C,Insumos,Decoracion,Grajeas,1 Kg,1,KG,Granel,ROCOPLAST,,156,,,
Grajeas Perla Perlado Blanco x Kg.,40,ROCOPLAST S.A.C,Insumos,Decoracion,Grajeas,Perlas,1,KG,Granel,ROCOPLAST,,432,,,
Grajeas Plateado Perlado x Kg,11.4,ROCOPLAST S.A.C,Insumos,Decoracion,Grajeas,Perlas,1,KG,Granel,ROCOPLAST,,450,,,
Masa Hojaldre Lista Recatangular x 215gr,9.4,,Insumos,Panaderia,Masa,Hojaldre,0.215,KG,,,,742,,,
Masa Hojaldre Lista Recatangular x 420gr,11.2,,Insumos,Panaderia,Masa,Hojaldre,0.42,KG,,,,664,,,
Mayonesa Alacena 1lt,13.9,,Insumos,Abarrotes,Varios,Mayonesa,1,KG,,Alacena,,747,,,
Mayonesa Alacena x 850 gr.,17.6,COMPAÑÍA FOOD RETAIL S.A.C,Insumos,Abarrotes,Varios,Mayonesa,0.85,KG,,Alacena,,850,,,
Mayonesa Alacena x 95 gr,,,Insumos,Abarrotes,Varios,Mayonesa,0.095,KG,,Alacena,,811,,,
Papel de Arroz BARCIDDA - 22cm,22.5,CENCOSUD RETAIL PERU S.A.,Insumos,Abarrotes,Varios,Papel de Arroz,0.3,KG,,BARCIDDA,,,,,
Cerezas Rojas en conserva x  454gr.,30.5,CENCOSUD RETAIL PERU S.A.,Insumos,Abarrotes,Varios,Cerezas en conserva,0.454,KG,,PENNANT,,,,,
Perlas Plateada Importada #3,,INVERSIONES VALECY SHOP S.A.C.,Insumos,Decoracion,Grajeas,Perlas,1,KG,Granel,,,,,,
Mermelada Gloria,9.2,WONG,Insumos,Abarrotes,Varios,Mermelada Fresa,0.8,KG,,GLORIA,,233,,,
Miel de Abeja Bells x 250 gr,15.1,COMPAÑÍA FOOD RETAIL S.A.C,Insumos,Abarrotes,Mieles,Abeja,0.25,KG,,BELLS,,857,,,
Miel de Abeja La Reyna Oxapampa x 300 gr.,19.4,MAKRO SUPERMAYORISTA S.A.,Insumos,Abarrotes,Mieles,Abeja,0.3,KG,,LA REYNA,,,,,
Vinagre Blanco x 625 ml,3.4,,Insumos,Abarrotes,Vinagre,Blanco,0.625,LT,,,,881,,,
Vinagre Tinto x 1/2 lt,3.6,,Insumos,Abarrotes,Vinagre,Tinto,0.5,LT,,,,366,,,
Vinagre Tinto x 600cm3,5.2,,Insumos,Abarrotes,Vinagre,Tinto,600,cm3,,Venturo,,,,,
Colorante GEL Blanco (Pack x 3 und),10.5,,Insumos,Decoracion,Colorantes,Gel,0.03,LT,,,,818,,,
Colorante GEL Guinda x 30 ml,3.5,ROCOPLAST S.A.C.,Insumos,Decoracion,Colorantes,Gel,0.03,LT,,,,,,,
Colorante GEL JOF SAC (Pack x 3 Und),10,,Insumos,Decoracion,Colorantes,Gel,0.09,LT,Pack x 3,JOF SAC,,76,,,
Mezcla PURA VIDA en Polvo,30.46,,Insumos,Lacteos,Polvo,,,,,PURA VIDA,,236,,,
Miel de Maple SPITZE x 480gr,,COMPAÑÍA FOOD RETAIL S.A.C,Insumos,Abarrotes,Mieles,Maple,0.45,KG,,SPITZE,,812,,,
Miel de Maple SPITZE x 800gr,12.99,COMPAÑÍA FOOD RETAIL S.A.C,Insumos,Abarrotes,Mieles,Maple,0.8,KG,,SPITZE,,566,,,
Grajeas Rojo Perlado Grande x kg,42,ROCOPLAST S.A.C,Insumos,Decoracion,Grajeas,Perlas,1,KG,Granel,,,681,,,
Grajeas Rojo Perlado x Kg,11.4,ROCOPLAST S.A.C,Insumos,Decoracion,Grajeas,Perlas,1,KG,Granel,,,448,,,
Mini Arabitos (Don Mamino),0.4,GRUPO ONCE S.A.C.,Insumos,Panaderia,Minis,Arabitos,1,UND,,,,832,,,
Mini Calabazas Wong x 1 und,3.29,,Insumos,Verduras,Calabazas,Mini,1,UND,,,,646,,,
Mini Ciabatta (Don Mamino),0.36,GRUPO ONCE S.A.C.,Insumos,Panaderia,Minis,Ciabatta,1,UND,,,,237,,,
Mini Croissant Hojaldre (Don Mamino),0.5,GRUPO ONCE S.A.C.,Insumos,Panaderia,Minis,Croissant (MH),1,UND,,,,833,,,
Mini Profiteroles Caramelo x 100 und,66.6667,,Insumos,Panaderia,Bocaditos,Profiteroles C,100,UND,,,,726,,,
Mini Profiteroles Chocolate x 100 und,60,,Insumos,Panaderia,Bocaditos,Profiteroles Ch,100,UND,,,,727,,,
Mix Berries Frambuesa y Blueberries,8.9,,Insumos,Frutas,Envasado,,,,,,,540,,,
Grajeas Varias,6,ROCOPLAST S.A.C,Insumos,Decoracion,Grajeas,,1,KG,Granel,,,157,,,
Naranja MOROCHA malla x 15kg,22.99,,Insumos,Frutas,Naranja,,15,KG,,,,245,,,
Naranjas de Jugo x Kg.,2.2,,Insumos,Frutas,Naranja,Jugo,1,KG,,,,,,,
Grajeas Verde Perlado Grande x kg,42,ROCOPLAST S.A.C,Insumos,Decoracion,Grajeas,Perlas,1,KG,Granel,,,682,,,
Naranjas Deshidratadas x 1 kg.,65,RUTH MARKET S.A.C.,Insumos,FrutosS,Frutos,Naranjas (deshidratada),,,,,,877,,,
Grajeas Verde Perlado x Kg,11.4,ROCOPLAST S.A.C,Insumos,Decoracion,Grajeas,Perlas,1,KG,Granel,,,447,,,
Oreo Cookies & Cream,3.39,,Insumos,Abarrotes,Galletas,Oreo (C&C),1,UND,,OREO,,541,,,
Oreo Original -12 x 35gr -,8,,Insumos,Abarrotes,Galletas,Oreo (Original),12,UND,,OREO,,,,,
Palta Fuerte,8.99,,Insumos,Verduras,Palta,Fuerte,1,KG,,,,249,,,
Palta Fuerte x kg,6.4909,,Insumos,Verduras,Palta,Fuerte,1,KG,,,,250,,,
Palta Mad Cremosita x Kg.,16.99,,Insumos,Verduras,Palta,Cremosita,1,KG,,,,251,,,
Panes Gourmet x Kg.,17.2,,Insumos,Panaderia,Granel,Gourmet,1,KG,,,,254,,,
Palta Madura BDJ x 2 und. (Makro),7.58,,Insumos,Verduras,Palta,Palta,,,,,,252,,,
Pan Blanco BIMBO,9.79,,Insumos,Panaderia,Molde,Blanco,1,UND,,,,253,,,
SP Marmol Vertical C/C Delgado,16.4,,Insumos,Panaderia,Molde,Pullman,1,UND,,,,,,,
Pan Frances [Carmelitas] x und,0.8,CARMELITAS PAN S.A.C,Insumos,Panaderia,Granel,Frances,1,Und,,,,869,,,
Panes Selectos x Kg.,11.5,,Insumos,Panaderia,Granel,Selectos,1,KG,,,,255,,,
Panes Varios x Kg,7.2,,Insumos,Panaderia,Granel,Varios,1,KG,,,,256,,,
Pasa Rubias x kg.,28,,Insumos,FrutosS,Frutos,Pasas R,1,KG,,,,671,,,
Pasas Negras BB Importada x kg.,20,Mareguthis,Insumos,FrutosS,Frutos,Pasas N BB,1,KG,,,,487,,,
Impresión en Oblea (A4),9,INVERSIONES VALECY SHOP S.A.C.,Insumos,Decoracion,Impresiones,Oblea,1,UND,,,,828,,,
Pasas Negras x 1 kg.,10,,Insumos,FrutosS,Frutos,Pasas N,1,KG,,,,269,,,
Pecana Partida x kg.,60,,Insumos,FrutosS,Nueces,Pecanas,1,KG,,,,272,,,
Impresión en papel de arroz,5.0032,,Insumos,Decoracion,Impresiones,Papel de Arroz,1,UND,,,,181,,,
Impresión en papel de arroz (A4),7,,Insumos,Decoracion,Impresiones,Papel de Arroz,1,UND,,,,182,,,
Impresión en papel de Azucar Especial (A4),15,,Insumos,Decoracion,Impresiones,Papel de Azucar,1,UND,,,,570,,,
Pecanas Partidas - Lince,45,LINCE,Insumos,FrutosS,Nueces,Pecanas,1,KG,,,,273,,,
Pecanas x kg. ,31.5,,Insumos,FrutosS,Nueces,Pecanas,1,KG,,,,274,,,
Pechuga Especial x kg.,14.8,SUPERMERCADOS PERUANOS S.A,Insumos,Carnes,Pollo,Pechuga,1,KG,,,,760,,,
Piña Golden Grande x Kg,5.98,,Insumos,Frutas,Piña,,1,KG,,,,276,,,
PetiPan (Don Mamino),0.3,GRUPO ONCE S.A.C.,Insumos,Panaderia,Minis,Petitpan,1,UND,,,,275,,,
Macarrones de Frambuesa x 5,20,,Insumos,Decoracion,Macarrones,Frambuesa,5,UND,PACK,La P'tite France,,594,,,
Piña Golden x Kg,5.99,,Insumos,Frutas,Piña,,1,KG,,,,277,,,
Polvo de Hornear FLEICSHMAN x 1 kg.,9.29,,Insumos,Leudantes,Quimico,,1,KG,,,,311,,,
Platano de Seda BOLSA x 6und,1.99,,Insumos,Frutas,Platano,,6,UND,,,,307,,,
Platano de Seda x mano,2.5,,Insumos,Frutas,Platano,,5,UND,,,,635,,,
Pulpa de Chirimoya x 1 kg.,21,EL FRUTERO,Insumos,Congelados,Pulpa,,1,KG,Unitaria,EL FRUTERO,,316,,,
Poro x Und,1.49,COMPAÑÍA FOOD RETAIL S.A.C,Insumos,Verduras,Poro,,1,UND,,,,875,,,
Pulpa de Fresa x 1 kg.,8.48,EL FRUTERO,Insumos,Congelados,Pulpa,,1,KG,Unitaria,EL FRUTERO,,317,,,
Pulpa de Lucuma x 1 kg.,21.07,EL FRUTERO,Insumos,Congelados,Pulpa,,1,KG,Unitaria,EL FRUTERO,,318,,,
Queso crema Bells x 227gr,7.99,Plaza Vea,Insumos,Lacteos,Quesos,Crema,0.227,KG,Unitaria,BELLS,,320,,,
Queso crema  Barra PHILADELPHIA x ,8.17,,Insumos,Lacteos,Quesos,Crema,,,,Philadelphia,,319,,,
Queso crema DELICE x 190gr,7.9,WONG,Insumos,Lacteos,Quesos,Crema,0.19,KG,Unitaria,DELICE,,525,,,
Queso crema GLORIA x 227gr,9.9,TOTTUS,Insumos,Lacteos,Quesos,Crema,0.227,KG,Unitaria,GLORIA,,577,,,
Queso crema LAIVE x 227gr,8.49,Plaza Vea,Insumos,Lacteos,Quesos,Crema,0.227,KG,Unitaria,LAIVE,,321,,,
Queso crema LAIVE x 80gr,3.2,,Insumos,Lacteos,Quesos,Crema,0.08,KG,Unitaria,LAIVE,,,,,
Queso Crema PHILADELPHIA x 180gr,8.99,,Insumos,Lacteos,Quesos,Crema,0.18,KG,,PHILADELPHIA,,690,,,
Queso crema PHILADELPHIA x 210gr,13.9,,Insumos,Lacteos,Quesos,Crema,0.21,KG,Unitaria,Philadelphia,,322,,,
Queso crema TOTTUS x 227gr,7.5,TOTTUS,Insumos,Lacteos,Quesos,Crema,0.227,KG,Unitaria,TOTTUS,,482,,,
Chantilly FLEISCHMANN en Polvo x 380gr.,12.8,INVERSIONES 1540,Insumos,Lacteos,Crema,380 gr.,0.38,KG,,,,,,,
Queso Edam LAIVE x 180gr,11.5,SUPERMERCADOS PERUANOS S.A,Insumos,Lacteos,Quesos,Edam,0.18,KG,paquete,LAIVE,,763,,,
Queso crema WONG,8.49,WONG,Insumos,Lacteos,Quesos,Crema,,,,WONG,,323,,,
Queso Edam LAIVE x 1kg.,39.8,,Insumos,Lacteos,Quesos,Edam,1,KG,,LAIVE,,324,,,
Queso Fundido x 80gr,2.29,,Insumos,Lacteos,Quesos,Fundido,0.08,KG,,BONLE,,733,,,
Queso Mozzarella BONLE x 250 gr.,11.7,MAKRO SUPERMAYORISTA S.A.,Insumos,Lacteos,Quesos,Mozarella,0.25,KG,,BONLE,,,,,
Queso Pamesano x 35 gr,5,Jet Market,Insumos,Lacteos,Quesos,Parmesano,0.035,KG,,,,484,,,
Queso Parmesano (5x35 gr),18.59,,Insumos,Lacteos,Quesos,Parmesano,0.175,KG,paquete,LAIVE,,325,,,
RAMA Margarina x 2KG,19.99,SUPERMERCADOS PERUANOS S.A.,Insumos,Abarrotes,Grasa,Margarina,2,KG,Unitaria,RAMA,,532,,,
Sal Marina de cocina x 1kg.,2.2,MAKRO SUPERMAYORISTA S.A.,Insumos,Abarrotes,Especias,Sal,1,KG,,EMSAL,,779,,,
Colorante GEL Negro (Pack x 3 und),,,Insumos,Decoracion,Colorantes,Gel,0.09,LT,Pack x 3,,,792,,,
Bastones Navideños x 12 und,5.5,,Insumos,Decoracion,Navidad,,12,UND,,,,668,,,
Salame Hungaro Braed,122.9,,Insumos,Carnes,Embutidos,Salame,1,KG,,,,334,,,
Salame Hungaro Casa Europa x 150gr,21.4,,Insumos,Carnes,Embutidos,Salame,0.15,KG,,CASA EUROPA,,663,,,
Sello de Oro x 1und x 2kg,24,,Insumos,Lacteos,Margarina,2 Kg,2,KG,,SELLO DE ORO,,337,,,
Sello de Oro x 24und x 45gr,15.85,,Insumos,Lacteos,Margarina,24 x 45 Gr,1.08,KG,,SELLO DE ORO,,338,,,
Sello de Oro x 5und x 2kg,140,,Insumos,Lacteos,Margarina,5 x 2 Kg,10,KG,,SELLO DE ORO,,339,,,
Tocino Ahumado Casa Europa x 200gr,16.5,SUPERMERCADOS PERUANOS S.A,Insumos,Carnes,Embutidos,Tocino,0.2,KG,,,,762,,,
Colorante GEL Negro x 1 und,,,Insumos,Decoracion,Colorantes,Gel,0.03,LT,Unitario,,,791,,,
SP Blanco Horizontal S/C Delgado x Und,14.5,,Insumos,Panaderia,Molde,Pullman,1,UND,,,,346,,,
Bastonies Navideños x 24 und,14,,Insumos,Decoracion,Navidad,,24,UND,,,,5,,,
Tomate Italiano x Kg.,3.89,SUPERMERCADOSPERUANOS S.A,Insumos,Verduras,Tomates,Italiano,1,KG,,,,755,,,
Tocino Breadt,,,Insumos,Carnes,Embutidos,Tocino,,,,,,734,,,
Pastillaje Estrellita Grande,80,,Insumos,Decoracion,Pastillaje,Estrella Grande,1,KG,,,,270,,,
Pastillaje Navideño Chico x kg,80,ROCOPLAST S.A.C,Insumos,Decoracion,Pastillaje,Navideño,1,KG,,,,667,,,
CMC x 100gr. ,7,,Insumos,Decoracion,,,0.1,KG,,,,64,,,
Topper Acrilico,12,INVERSIONES VALECY SHOP S.A.C.,Insumos,Decoracion,Topper,Acrilico,1,UND,,,,825,,,
Topper MDF,20,,Insumos,Decoracion,Topper,MDF,1,UND,,,,598,,,
Tostaditas x 36 und,6.5,,Insumos,Panaderia,Minis,Tostaditas,36,UND,,,,722,,,
"Topper Esferas Disco 7cm (colores, bolsa con varias unidades)",8,INVERSIONES VALECY SHOP S.A.C.,Insumos,Decoracion,Topper,Esferas,1,UND,,,,,,,
Topper Personalizado,7.5,INVERSIONES VALECY SHOP S.A.C.,Insumos,Decoracion,Topper,,1,UND,,,,826,,,
Yogurt Griego - Arandanos,16.7,CENCOSUD RETAIL S.A.,Insumos,Lacteos,Yogurt,Griego,1,KG,,VAKIMU,,787,,,
Colorante GEL Rojo Intenso - Pasta,,,Insumos,Decoracion,Colorantes,Gel,0.03,LT,,,,793,,,
Colorante GEL Rojo Intenso - Pasta (Pack x 3 und),,,Insumos,Decoracion,Colorantes,Gel,0.09,LT,,,,794,,,
Colorante GEL Rojo Navidad - Pasta (3 x S/ 10.50),10.5,ROCOPLAST S.A.C.,Insumos,Decoracion,Colorantes,Gel,0.09,LT,,,,,,,
Colorante GEL Verde Hoja x 30 ml,3.5,ROCOPLAST S.A.C.,Insumos,Decoracion,Colorantes,Gel,0.03,LT,,,,,,,
Tintes para masa elastica (gel),5,,Insumos,Decoracion,Colorantes,Gel,0.03,LT,,,,358,,,
Atomic Gas x 300 ml.,21.9,La Nueva Casa del Fumador,CIF,Decoracion,Consumibles,Butano,0.3,LT,,,,,,,
Yogurt Griego - Natural,15.79,COMPAÑÍA FOOD RETAIL S.A.C.,Insumos,Lacteos,Yogurt,Griego,1,KG,,VAKIMU,,880,,,
Zanahoria,2.79,,Insumos,Verduras,Zanahoria,,1,KG,,,,367,,,
Mayonesa Alacena x 475 gr,13.6,COMPAÑÍA FOOD RETAIL S.A.C,Insumos,Abarrotes,Varios,Mayonesa,0.475,KG,,Alacena,,874,,,
Cuchillo Electrico IMACO EK150,79.95,,Inversion,Equipos,Cuchillo,,,,,,,87,,,
Gasto Varios (MA) - Equipos,,,Inversion,Equipos,Technologia,,,,,,,136,,,
200 GB,10.82,,Marketing,Cloud,Google,Comercial,,,,,,584,,,
Backdrop Vinyl Fotos,47.2,WINKLER,Marketing,Branding,Social Media,Fotografia,,,,,,534,,,
Branding Redes Sociales,,,Marketing,Branding,Social Media,,,,,,,30,,,
Hosting Anual x 2 GB,236,,Marketing,Web,Hosting,Anual,,,,,,175,,,
Impresiones - Semi Troquelado,60,WINKLER,Marketing,Branding,Impresiones,Etiquetas,,,,,,777,,,
Impresiones Papel Couche Adhesivo y Troquelado (7 x 16)  x 50 und,,,Marketing,Branding,Impresiones,Etiquetas,50,UND,,,,805,,,
Impresiones Sticker Troquelados,31.073,SALVADOR FERNANDEZ RAUL ANDRES,Marketing,Branding,Impresiones,Etiquetas,1,,,,,895,,,
"Light Ring 12""",60,,Marketing,Branding,Social Media,Fotografia,,,,,,599,,,
MariaArtesana.com,,,Marketing,Web,Dominio,,,,,,,658,,,
MariArtesana.com,,,Marketing,Web,Dominio,,,,,,,659,,,
Pagina WEB Maria Artesana #2,1416,,Marketing,Web,Desarrollo,,,,,,,247,,,
Plug-In Libro de Reclamaciones,94.4,,Marketing,Web,Plug-In,,,,,,,309,,,
Promocion Online,,,Marketing,Facebook,Anuncios,,,,,,,314,,,
Cambio de Aceite y Mantenimiento,130,,Movilidad,Mantenimiento,Aceite,Anual,,,1,Nissan Sentra,,50,,,
ENVIO,7,,Movilidad,Envio Nacional,Oltursa,,,,,,,107,,,
Envio Express,,,Movilidad,Delivery,Cabify,,,,,,,108,,,
Envio Express,5.5,,Movilidad,Delivery,Uber,,,,,,,622,,,
Envio Express - Rappi,,,Movilidad,Delivery,Rappi,,,,,,,109,,,
Galefitec 95,11.85,,Movilidad,Combustible,Gasohol,95,1,GL,,,,126,,,
Gashol 95 octanos EXELON NITRO,13.69,,Movilidad,Combustible,Gasohol,95,1,GL,,REPSOL,,132,,,
Gashol 95 octanos PLUS,14.85,,Movilidad,Combustible,Gasohol,95,1,GL,,,,133,,,
GASOHOL 95 PLUS 1,11.59,,Movilidad,Combustible,Gasohol,95,1,GL,,ABA Singer,,421,,,
Gasohol 95 x galon,11.69,,Movilidad,Combustible,Gasohol,95,1,GL,,REPSOL,,134,,,
Lavado Exterior con Cera,25,,Movilidad,Mantenimiento,Limpieza,Exterior,,,,,,883,,,
Limpieza de Salon,60,,Movilidad,Mantenimiento,Limpieza,Interior,,,,,,557,,,
Parking x hora,5,,Movilidad,Delivery,Parking,Entrega Local,,,,,,266,,,
Parqueo x 1/2 hora - Lince,0.5,,Movilidad,Movilidad,Delivery,Entrega Local,,,,,,267,,,
Peaje,6.5,RUTAS DE LIMA,Movilidad,Delivery,Peajes,Sur,,,,,,843,,,
Precio x PESO (Kg.),1.18,,Movilidad,Envio,Delivery,Envio Nacional,,,,,,312,,,
Precio x VOLUMEN (Kg.),2.3488,,Movilidad,Envio,Delivery,Envio Nacional,,,,,,313,,,
PRIMAX Gasohol 95,16.85,,Movilidad,Combustible,Gasohol,95,1,GL,,PRIMAX,,581,,,
Rappi Favor,,,Movilidad,Delivery,Rappi,,1,UND,,,,422,,,
Servicio de Envio,7,,Movilidad,Delivery,Privado,,,,,,,472,,,
Servicio de Frenos,,,Movilidad,Mantenimiento,Frenos,,,,,,,686,,,
Servicio de Transporte Lima Metropolitana,,,Movilidad,Delivery,Privado,,,,,,,342,,,
Servicio RTV - Particular Liviano,115,,Movilidad,Mantenimiento,RTV,Anual,,,,,,343,,,
SOAT,59,,Movilidad,Seguros,SOAT,,,,,,,517,,,
Tarifa base x envio,10.0158,,Movilidad,Envio,Delivery,Envio Nacional,,,,,,357,,,
Alquiler x Mes,,,Servicios,Alquiler,Propio,,,,,,,388,,,
Carga de gas x 10 kg.,42.598,,Servicios,Gas,Solgas,Premium,10,KG,1,,,53,,,
Comision x Ventas (RAPPI),,,Servicios,Ventas,Rappi,,,,,,,641,,,
GLP Costa Gas,5.3,,Servicios,Gas,CostaGas,Premium,,,,,,788,,,
GLP Mr. Gas,4.6964,LIMA GAS,Servicios,Gas,Mgas,Premium,1,KG,,,,526,,,
Fee Agora,,AGORA Servicios Digitales,Servicios,Compras,AGORA,Envio,1,,,,,,,,
Plan ENTEL - Sebastian -,50.8,,Servicios,Ventas,Sebastian,,,,,,,306,,,
Regaulador Premium gas,24.5,,Servicios,Gas,Solgas,Regulador,1,UND,,,,326,,,
Adelanto Sueldo,,,Sueldos,Planilla,Sueldos,,,,,,,556,,,
Almuerzo x Campaña,,,Sueldos,Planilla,Bonificacion,,,,,,,545,,,
Bonificacion x Torta Decorada,50,,Sueldos,Planilla,Bonificacion,,,,,,,501,,,
Bono x Campaña,,,Sueldos,Planilla,Bonificacion,,,,,,,575,,,
Cena Familiar,,,Sueldos,Planilla,Entretenimiento,RRHH,,,,,,588,,,
Comision x Venta,,,Sueldos,Planilla,Bonificacion,,,,,,,502,,,
Gratificacion,,,Sueldos,Planilla,Bonificacion,,,,,,,687,,,
Seguros - CHUBB,,,Sueldos,Seguros,Accidentes,,,,,,,692,,,
Sueldo,,,Sueldos,Planilla,Sueldos,,,,,,,348,,,
Suscripcion Mensual -Netflix,48.9,NETFLIX,Sueldos,Planilla,Entretenimiento,Streaming,,,Unitaria,NETFLIX,,349,,,
Suscripcion Mensual -Spotify,28.9,SPOTIFY,Sueldos,Planilla,Entretenimiento,Streaming,,,,,,350,,,
TIDAL Trial,,,Sueldos,Planilla,Entretenimiento,,,,,,,576,,,
Seguros - Oncosalud,,,Sueldos,Seguros,Oncologico,,,,,,,336,,,
*-*-*Galleta Glacitas TOFFEE x 6und,2.99,,,,,,,,,,,368,,,
*-*-*Quitamanchas CLOROX R.COLOR x 3.8lt,36.62,,,,,,,,,,,369,,,
*-*-*Suave DOWNY Floral x 2.8lt,20.15,,,,,,,,,,,370,,,
*-*-*Super Mix RASIL x 500gr,9.75,,,,,,,,,,,371,,,
*-*-*Te Negro Mora HUERTOS DEL EDEN,5.08,,,,,,,,,,,372,,,
Aceituna Deshuesada x kg,28.46,,,,,,,,,,,739,,,
Arvejas Americana x kg,4.89,,,,,,,,,,,392,,,
Azucarera Corona p/Sobres,7.79,,,,,,,,,,,2,,,
Choclo Entero x und,1.69,,,,,,,,,,,56,,,
Chocolate OLE OLE Vainilla x 60und,10.98,,,,,,,,,,,58,,,
Espiralado,3.875,,,Admin,Utiles de Oficina,,,,1,,,111,,,
Galleta FIELD Soda 6und x 34gr,1.99,,,,,,,,,,,127,,,
Galleta OREO x 6und x 36gr,2.89,,,,,,,,,,,128,,,
Plato Giratorio,13,,,CIF,Utensilios,Plato,,,,,,308,,,
Plumon VINIFAN resaltador ,3,,,Admin,Utiles de Oficina,,,,1,,,310,,,
Tortilla Chips Mexi-Nachos,3.21,,,,,,,,,,,360,,,
TOSTITOS x 200gr,6.9,,,,,,,,,,,361,,,
Vigilante Dulce,1.8998,,,,,,,,,,,365,,,
,,,,,,,,,,,,759,,,